ISO-10303-21;
HEADER;
/* Generated by software containing ST-Developer
 * from STEP Tools, Inc. (www.steptools.com) 
 */
/* OPTION: using custom renumber hook */

FILE_DESCRIPTION(
/* description */ ('STEP AP242 Edition 2',
'CAx-IF Rec.Pracs.---Representation and Presentation of Product Manufa
cturing Information (PMI)---4.0---2014-10-13',
'CAx-IF Rec.Pracs.---3D Tessellated Geometry---0.4---2014-09-14','2;1',
'CAx-IF Rec.Pracs.---User Defined Attributes---1.5---2016-08-15'),
/* implementation_level */ '2;1');

FILE_NAME(
/* name */ 'INA228-V-A-Meter-V2 - case-bottom',
/* time_stamp */ '2026-04-06T09:37:51Z',
/* author */ (''),
/* organization */ (''),
/* preprocessor_version */ 'ST-DEVELOPER v20',
/* originating_system */ 'ONSHAPE BY PTC INC, 1.213',
/* authorisation */ '  ');

FILE_SCHEMA (('AP242_MANAGED_MODEL_BASED_3D_ENGINEERING_MIM_LF { 1 0 10303 442 3 1 4 }'));
ENDSEC;

DATA;
#10=SHAPE_REPRESENTATION_RELATIONSHIP('','',#1595,#11);
#11=ADVANCED_BREP_SHAPE_REPRESENTATION('',(#1593),#2633);
#12=CONICAL_SURFACE('',#1699,0.004,0.785398163397449);
#13=CONICAL_SURFACE('',#1700,0.004,0.785398163397448);
#14=CONICAL_SURFACE('',#1701,0.004,0.785398163397448);
#15=CONICAL_SURFACE('',#1702,0.004,0.785398163397449);
#16=CONICAL_SURFACE('',#1703,0.0017,0.785398163397446);
#17=CONICAL_SURFACE('',#1704,0.0017,0.785398163397446);
#18=CONICAL_SURFACE('',#1705,0.0017,0.785398163397448);
#19=CONICAL_SURFACE('',#1706,0.0017,0.785398163397448);
#20=B_SPLINE_CURVE_WITH_KNOTS('',3,(#2420,#2421,#2422,#2423,#2424),
 .UNSPECIFIED.,.F.,.F.,(4,1,4),(0.,0.0014277935884262,0.0028555871768524),
 .UNSPECIFIED.);
#21=B_SPLINE_CURVE_WITH_KNOTS('',3,(#2440,#2441,#2442,#2443,#2444),
 .UNSPECIFIED.,.F.,.F.,(4,1,4),(0.,0.00142982221981814,0.00285964443963627),
 .UNSPECIFIED.);
#22=B_SPLINE_CURVE_WITH_KNOTS('',3,(#2450,#2451,#2452,#2453,#2454),
 .UNSPECIFIED.,.F.,.F.,(4,1,4),(0.,0.00142779358842622,0.00285558717685243),
 .UNSPECIFIED.);
#23=B_SPLINE_CURVE_WITH_KNOTS('',3,(#2466,#2467,#2468,#2469,#2470),
 .UNSPECIFIED.,.F.,.F.,(4,1,4),(0.,0.00142982221981814,0.00285964443963627),
 .UNSPECIFIED.);
#24=B_SPLINE_CURVE_WITH_KNOTS('',3,(#2480,#2481,#2482,#2483,#2484),
 .UNSPECIFIED.,.F.,.F.,(4,1,4),(0.,0.00142779358842621,0.00285558717685243),
 .UNSPECIFIED.);
#25=B_SPLINE_CURVE_WITH_KNOTS('',3,(#2500,#2501,#2502,#2503,#2504),
 .UNSPECIFIED.,.F.,.F.,(4,1,4),(0.,0.00142982221981814,0.00285964443963628),
 .UNSPECIFIED.);
#26=B_SPLINE_CURVE_WITH_KNOTS('',3,(#2510,#2511,#2512,#2513,#2514),
 .UNSPECIFIED.,.F.,.F.,(4,1,4),(0.,0.00142779358842622,0.00285558717685243),
 .UNSPECIFIED.);
#27=B_SPLINE_CURVE_WITH_KNOTS('',3,(#2530,#2531,#2532,#2533,#2534),
 .UNSPECIFIED.,.F.,.F.,(4,1,4),(0.,0.00142982221981814,0.00285964443963628),
 .UNSPECIFIED.);
#28=CYLINDRICAL_SURFACE('',#1612,0.00175);
#29=CYLINDRICAL_SURFACE('',#1615,0.00175);
#30=CYLINDRICAL_SURFACE('',#1617,0.003);
#31=CYLINDRICAL_SURFACE('',#1620,0.003);
#32=CYLINDRICAL_SURFACE('',#1623,0.003);
#33=CYLINDRICAL_SURFACE('',#1626,0.003);
#34=CYLINDRICAL_SURFACE('',#1629,0.0017);
#35=CYLINDRICAL_SURFACE('',#1632,0.0017);
#36=CYLINDRICAL_SURFACE('',#1635,0.0017);
#37=CYLINDRICAL_SURFACE('',#1638,0.0017);
#38=CYLINDRICAL_SURFACE('',#1683,0.003);
#39=CYLINDRICAL_SURFACE('',#1685,0.003);
#40=CYLINDRICAL_SURFACE('',#1687,0.003);
#41=CYLINDRICAL_SURFACE('',#1689,0.003);
#42=CYLINDRICAL_SURFACE('',#1691,0.004);
#43=CYLINDRICAL_SURFACE('',#1693,0.004);
#44=CYLINDRICAL_SURFACE('',#1695,0.004);
#45=CYLINDRICAL_SURFACE('',#1697,0.004);
#46=CYLINDRICAL_SURFACE('',#1712,0.00375);
#47=CYLINDRICAL_SURFACE('',#1713,0.00375);
#48=CYLINDRICAL_SURFACE('',#1714,0.00375);
#49=CYLINDRICAL_SURFACE('',#1716,0.00375);
#50=CIRCLE('',#1600,0.00175);
#51=CIRCLE('',#1601,0.00175);
#52=CIRCLE('',#1603,0.00375);
#53=CIRCLE('',#1604,0.00375);
#54=CIRCLE('',#1605,0.00375);
#55=CIRCLE('',#1606,0.00375);
#56=CIRCLE('',#1608,0.00375);
#57=CIRCLE('',#1613,0.00175);
#58=CIRCLE('',#1616,0.00175);
#59=CIRCLE('',#1618,0.003);
#60=CIRCLE('',#1619,0.003);
#61=CIRCLE('',#1621,0.003);
#62=CIRCLE('',#1622,0.003);
#63=CIRCLE('',#1624,0.003);
#64=CIRCLE('',#1625,0.003);
#65=CIRCLE('',#1627,0.003);
#66=CIRCLE('',#1628,0.003);
#67=CIRCLE('',#1630,0.0017);
#68=CIRCLE('',#1631,0.0017);
#69=CIRCLE('',#1633,0.0017);
#70=CIRCLE('',#1634,0.0017);
#71=CIRCLE('',#1636,0.0017);
#72=CIRCLE('',#1637,0.0017);
#73=CIRCLE('',#1639,0.0017);
#74=CIRCLE('',#1640,0.0017);
#75=CIRCLE('',#1648,0.00375);
#76=CIRCLE('',#1674,0.004);
#77=CIRCLE('',#1675,0.004);
#78=CIRCLE('',#1676,0.004);
#79=CIRCLE('',#1677,0.004);
#80=CIRCLE('',#1679,0.003);
#81=CIRCLE('',#1680,0.003);
#82=CIRCLE('',#1681,0.003);
#83=CIRCLE('',#1682,0.003);
#84=CIRCLE('',#1684,0.003);
#85=CIRCLE('',#1686,0.003);
#86=CIRCLE('',#1688,0.003);
#87=CIRCLE('',#1690,0.003);
#88=CIRCLE('',#1692,0.004);
#89=CIRCLE('',#1694,0.004);
#90=CIRCLE('',#1696,0.004);
#91=CIRCLE('',#1698,0.004);
#92=CIRCLE('',#1709,0.00375);
#93=CIRCLE('',#1710,0.00375);
#94=ORIENTED_EDGE('',*,*,#534,.F.);
#95=ORIENTED_EDGE('',*,*,#535,.T.);
#96=ORIENTED_EDGE('',*,*,#536,.T.);
#97=ORIENTED_EDGE('',*,*,#537,.F.);
#98=ORIENTED_EDGE('',*,*,#538,.F.);
#99=ORIENTED_EDGE('',*,*,#539,.T.);
#100=ORIENTED_EDGE('',*,*,#540,.T.);
#101=ORIENTED_EDGE('',*,*,#541,.F.);
#102=ORIENTED_EDGE('',*,*,#542,.F.);
#103=ORIENTED_EDGE('',*,*,#543,.F.);
#104=ORIENTED_EDGE('',*,*,#544,.T.);
#105=ORIENTED_EDGE('',*,*,#545,.F.);
#106=ORIENTED_EDGE('',*,*,#546,.F.);
#107=ORIENTED_EDGE('',*,*,#547,.T.);
#108=ORIENTED_EDGE('',*,*,#548,.T.);
#109=ORIENTED_EDGE('',*,*,#549,.F.);
#110=ORIENTED_EDGE('',*,*,#550,.T.);
#111=ORIENTED_EDGE('',*,*,#551,.F.);
#112=ORIENTED_EDGE('',*,*,#552,.T.);
#113=ORIENTED_EDGE('',*,*,#553,.F.);
#114=ORIENTED_EDGE('',*,*,#554,.T.);
#115=ORIENTED_EDGE('',*,*,#555,.F.);
#116=ORIENTED_EDGE('',*,*,#556,.F.);
#117=ORIENTED_EDGE('',*,*,#557,.F.);
#118=ORIENTED_EDGE('',*,*,#558,.F.);
#119=ORIENTED_EDGE('',*,*,#559,.T.);
#120=ORIENTED_EDGE('',*,*,#560,.T.);
#121=ORIENTED_EDGE('',*,*,#561,.F.);
#122=ORIENTED_EDGE('',*,*,#562,.F.);
#123=ORIENTED_EDGE('',*,*,#563,.T.);
#124=ORIENTED_EDGE('',*,*,#564,.F.);
#125=ORIENTED_EDGE('',*,*,#565,.T.);
#126=ORIENTED_EDGE('',*,*,#566,.F.);
#127=ORIENTED_EDGE('',*,*,#567,.T.);
#128=ORIENTED_EDGE('',*,*,#536,.F.);
#129=ORIENTED_EDGE('',*,*,#568,.T.);
#130=ORIENTED_EDGE('',*,*,#541,.T.);
#131=ORIENTED_EDGE('',*,*,#569,.F.);
#132=ORIENTED_EDGE('',*,*,#570,.T.);
#133=ORIENTED_EDGE('',*,*,#571,.T.);
#134=ORIENTED_EDGE('',*,*,#572,.F.);
#135=ORIENTED_EDGE('',*,*,#573,.F.);
#136=ORIENTED_EDGE('',*,*,#574,.F.);
#137=ORIENTED_EDGE('',*,*,#575,.F.);
#138=ORIENTED_EDGE('',*,*,#570,.F.);
#139=ORIENTED_EDGE('',*,*,#576,.F.);
#140=ORIENTED_EDGE('',*,*,#577,.F.);
#141=ORIENTED_EDGE('',*,*,#578,.F.);
#142=ORIENTED_EDGE('',*,*,#579,.F.);
#143=ORIENTED_EDGE('',*,*,#580,.F.);
#144=ORIENTED_EDGE('',*,*,#581,.F.);
#145=ORIENTED_EDGE('',*,*,#582,.F.);
#146=ORIENTED_EDGE('',*,*,#549,.T.);
#147=ORIENTED_EDGE('',*,*,#583,.F.);
#148=ORIENTED_EDGE('',*,*,#584,.T.);
#149=ORIENTED_EDGE('',*,*,#585,.T.);
#150=ORIENTED_EDGE('',*,*,#586,.F.);
#151=ORIENTED_EDGE('',*,*,#587,.T.);
#152=ORIENTED_EDGE('',*,*,#588,.F.);
#153=ORIENTED_EDGE('',*,*,#589,.T.);
#154=ORIENTED_EDGE('',*,*,#590,.T.);
#155=ORIENTED_EDGE('',*,*,#591,.F.);
#156=ORIENTED_EDGE('',*,*,#592,.T.);
#157=ORIENTED_EDGE('',*,*,#593,.F.);
#158=ORIENTED_EDGE('',*,*,#594,.T.);
#159=ORIENTED_EDGE('',*,*,#595,.T.);
#160=ORIENTED_EDGE('',*,*,#596,.F.);
#161=ORIENTED_EDGE('',*,*,#597,.T.);
#162=ORIENTED_EDGE('',*,*,#598,.F.);
#163=ORIENTED_EDGE('',*,*,#599,.T.);
#164=ORIENTED_EDGE('',*,*,#600,.T.);
#165=ORIENTED_EDGE('',*,*,#601,.F.);
#166=ORIENTED_EDGE('',*,*,#555,.T.);
#167=ORIENTED_EDGE('',*,*,#602,.F.);
#168=ORIENTED_EDGE('',*,*,#603,.F.);
#169=ORIENTED_EDGE('',*,*,#604,.T.);
#170=ORIENTED_EDGE('',*,*,#605,.T.);
#171=ORIENTED_EDGE('',*,*,#602,.T.);
#172=ORIENTED_EDGE('',*,*,#554,.F.);
#173=ORIENTED_EDGE('',*,*,#582,.T.);
#174=ORIENTED_EDGE('',*,*,#606,.T.);
#175=ORIENTED_EDGE('',*,*,#607,.F.);
#176=ORIENTED_EDGE('',*,*,#550,.F.);
#177=ORIENTED_EDGE('',*,*,#608,.F.);
#178=ORIENTED_EDGE('',*,*,#609,.F.);
#179=ORIENTED_EDGE('',*,*,#551,.T.);
#180=ORIENTED_EDGE('',*,*,#607,.T.);
#181=ORIENTED_EDGE('',*,*,#609,.T.);
#182=ORIENTED_EDGE('',*,*,#610,.T.);
#183=ORIENTED_EDGE('',*,*,#611,.F.);
#184=ORIENTED_EDGE('',*,*,#552,.F.);
#185=ORIENTED_EDGE('',*,*,#612,.F.);
#186=ORIENTED_EDGE('',*,*,#604,.F.);
#187=ORIENTED_EDGE('',*,*,#553,.T.);
#188=ORIENTED_EDGE('',*,*,#611,.T.);
#189=ORIENTED_EDGE('',*,*,#613,.F.);
#190=ORIENTED_EDGE('',*,*,#614,.T.);
#191=ORIENTED_EDGE('',*,*,#615,.T.);
#192=ORIENTED_EDGE('',*,*,#616,.T.);
#193=ORIENTED_EDGE('',*,*,#617,.F.);
#194=ORIENTED_EDGE('',*,*,#618,.T.);
#195=ORIENTED_EDGE('',*,*,#619,.T.);
#196=ORIENTED_EDGE('',*,*,#620,.T.);
#197=ORIENTED_EDGE('',*,*,#621,.F.);
#198=ORIENTED_EDGE('',*,*,#622,.T.);
#199=ORIENTED_EDGE('',*,*,#623,.T.);
#200=ORIENTED_EDGE('',*,*,#624,.T.);
#201=ORIENTED_EDGE('',*,*,#625,.F.);
#202=ORIENTED_EDGE('',*,*,#626,.T.);
#203=ORIENTED_EDGE('',*,*,#627,.T.);
#204=ORIENTED_EDGE('',*,*,#628,.T.);
#205=ORIENTED_EDGE('',*,*,#629,.T.);
#206=ORIENTED_EDGE('',*,*,#630,.F.);
#207=ORIENTED_EDGE('',*,*,#631,.T.);
#208=ORIENTED_EDGE('',*,*,#632,.F.);
#209=ORIENTED_EDGE('',*,*,#633,.T.);
#210=ORIENTED_EDGE('',*,*,#634,.F.);
#211=ORIENTED_EDGE('',*,*,#635,.T.);
#212=ORIENTED_EDGE('',*,*,#636,.F.);
#213=ORIENTED_EDGE('',*,*,#637,.T.);
#214=ORIENTED_EDGE('',*,*,#638,.T.);
#215=ORIENTED_EDGE('',*,*,#587,.F.);
#216=ORIENTED_EDGE('',*,*,#639,.F.);
#217=ORIENTED_EDGE('',*,*,#640,.T.);
#218=ORIENTED_EDGE('',*,*,#641,.T.);
#219=ORIENTED_EDGE('',*,*,#597,.F.);
#220=ORIENTED_EDGE('',*,*,#642,.F.);
#221=ORIENTED_EDGE('',*,*,#643,.F.);
#222=ORIENTED_EDGE('',*,*,#644,.T.);
#223=ORIENTED_EDGE('',*,*,#645,.T.);
#224=ORIENTED_EDGE('',*,*,#592,.F.);
#225=ORIENTED_EDGE('',*,*,#646,.F.);
#226=ORIENTED_EDGE('',*,*,#647,.F.);
#227=ORIENTED_EDGE('',*,*,#648,.T.);
#228=ORIENTED_EDGE('',*,*,#649,.T.);
#229=ORIENTED_EDGE('',*,*,#650,.F.);
#230=ORIENTED_EDGE('',*,*,#560,.F.);
#231=ORIENTED_EDGE('',*,*,#651,.T.);
#232=ORIENTED_EDGE('',*,*,#647,.T.);
#233=ORIENTED_EDGE('',*,*,#652,.F.);
#234=ORIENTED_EDGE('',*,*,#653,.F.);
#235=ORIENTED_EDGE('',*,*,#578,.T.);
#236=ORIENTED_EDGE('',*,*,#654,.T.);
#237=ORIENTED_EDGE('',*,*,#655,.F.);
#238=ORIENTED_EDGE('',*,*,#656,.T.);
#239=ORIENTED_EDGE('',*,*,#579,.T.);
#240=ORIENTED_EDGE('',*,*,#653,.T.);
#241=ORIENTED_EDGE('',*,*,#657,.F.);
#242=ORIENTED_EDGE('',*,*,#658,.F.);
#243=ORIENTED_EDGE('',*,*,#659,.F.);
#244=ORIENTED_EDGE('',*,*,#576,.T.);
#245=ORIENTED_EDGE('',*,*,#574,.T.);
#246=ORIENTED_EDGE('',*,*,#660,.F.);
#247=ORIENTED_EDGE('',*,*,#654,.F.);
#248=ORIENTED_EDGE('',*,*,#577,.T.);
#249=ORIENTED_EDGE('',*,*,#659,.T.);
#250=ORIENTED_EDGE('',*,*,#661,.F.);
#251=ORIENTED_EDGE('',*,*,#649,.F.);
#252=ORIENTED_EDGE('',*,*,#662,.T.);
#253=ORIENTED_EDGE('',*,*,#558,.T.);
#254=ORIENTED_EDGE('',*,*,#573,.T.);
#255=ORIENTED_EDGE('',*,*,#663,.T.);
#256=ORIENTED_EDGE('',*,*,#561,.T.);
#257=ORIENTED_EDGE('',*,*,#650,.T.);
#258=ORIENTED_EDGE('',*,*,#646,.T.);
#259=ORIENTED_EDGE('',*,*,#661,.T.);
#260=ORIENTED_EDGE('',*,*,#557,.T.);
#261=ORIENTED_EDGE('',*,*,#664,.T.);
#262=ORIENTED_EDGE('',*,*,#657,.T.);
#263=ORIENTED_EDGE('',*,*,#652,.T.);
#264=ORIENTED_EDGE('',*,*,#660,.T.);
#265=ORIENTED_EDGE('',*,*,#658,.T.);
#266=ORIENTED_EDGE('',*,*,#665,.F.);
#267=ORIENTED_EDGE('',*,*,#666,.T.);
#268=ORIENTED_EDGE('',*,*,#667,.T.);
#269=ORIENTED_EDGE('',*,*,#613,.T.);
#270=ORIENTED_EDGE('',*,*,#668,.T.);
#271=ORIENTED_EDGE('',*,*,#669,.T.);
#272=ORIENTED_EDGE('',*,*,#593,.T.);
#273=ORIENTED_EDGE('',*,*,#645,.F.);
#274=ORIENTED_EDGE('',*,*,#670,.T.);
#275=ORIENTED_EDGE('',*,*,#671,.T.);
#276=ORIENTED_EDGE('',*,*,#672,.T.);
#277=ORIENTED_EDGE('',*,*,#668,.F.);
#278=ORIENTED_EDGE('',*,*,#616,.F.);
#279=ORIENTED_EDGE('',*,*,#630,.T.);
#280=ORIENTED_EDGE('',*,*,#673,.F.);
#281=ORIENTED_EDGE('',*,*,#674,.T.);
#282=ORIENTED_EDGE('',*,*,#642,.T.);
#283=ORIENTED_EDGE('',*,*,#596,.T.);
#284=ORIENTED_EDGE('',*,*,#675,.T.);
#285=ORIENTED_EDGE('',*,*,#670,.F.);
#286=ORIENTED_EDGE('',*,*,#615,.F.);
#287=ORIENTED_EDGE('',*,*,#676,.T.);
#288=ORIENTED_EDGE('',*,*,#677,.F.);
#289=ORIENTED_EDGE('',*,*,#678,.T.);
#290=ORIENTED_EDGE('',*,*,#679,.T.);
#291=ORIENTED_EDGE('',*,*,#617,.T.);
#292=ORIENTED_EDGE('',*,*,#680,.T.);
#293=ORIENTED_EDGE('',*,*,#681,.T.);
#294=ORIENTED_EDGE('',*,*,#583,.T.);
#295=ORIENTED_EDGE('',*,*,#548,.F.);
#296=ORIENTED_EDGE('',*,*,#682,.F.);
#297=ORIENTED_EDGE('',*,*,#683,.T.);
#298=ORIENTED_EDGE('',*,*,#639,.T.);
#299=ORIENTED_EDGE('',*,*,#586,.T.);
#300=ORIENTED_EDGE('',*,*,#684,.T.);
#301=ORIENTED_EDGE('',*,*,#685,.F.);
#302=ORIENTED_EDGE('',*,*,#619,.F.);
#303=ORIENTED_EDGE('',*,*,#686,.T.);
#304=ORIENTED_EDGE('',*,*,#685,.T.);
#305=ORIENTED_EDGE('',*,*,#687,.T.);
#306=ORIENTED_EDGE('',*,*,#688,.T.);
#307=ORIENTED_EDGE('',*,*,#680,.F.);
#308=ORIENTED_EDGE('',*,*,#620,.F.);
#309=ORIENTED_EDGE('',*,*,#632,.T.);
#310=ORIENTED_EDGE('',*,*,#689,.F.);
#311=ORIENTED_EDGE('',*,*,#690,.T.);
#312=ORIENTED_EDGE('',*,*,#691,.T.);
#313=ORIENTED_EDGE('',*,*,#621,.T.);
#314=ORIENTED_EDGE('',*,*,#692,.T.);
#315=ORIENTED_EDGE('',*,*,#693,.T.);
#316=ORIENTED_EDGE('',*,*,#588,.T.);
#317=ORIENTED_EDGE('',*,*,#638,.F.);
#318=ORIENTED_EDGE('',*,*,#694,.T.);
#319=ORIENTED_EDGE('',*,*,#695,.T.);
#320=ORIENTED_EDGE('',*,*,#696,.T.);
#321=ORIENTED_EDGE('',*,*,#692,.F.);
#322=ORIENTED_EDGE('',*,*,#624,.F.);
#323=ORIENTED_EDGE('',*,*,#634,.T.);
#324=ORIENTED_EDGE('',*,*,#697,.F.);
#325=ORIENTED_EDGE('',*,*,#698,.T.);
#326=ORIENTED_EDGE('',*,*,#643,.T.);
#327=ORIENTED_EDGE('',*,*,#591,.T.);
#328=ORIENTED_EDGE('',*,*,#699,.T.);
#329=ORIENTED_EDGE('',*,*,#694,.F.);
#330=ORIENTED_EDGE('',*,*,#623,.F.);
#331=ORIENTED_EDGE('',*,*,#700,.T.);
#332=ORIENTED_EDGE('',*,*,#701,.F.);
#333=ORIENTED_EDGE('',*,*,#702,.T.);
#334=ORIENTED_EDGE('',*,*,#703,.T.);
#335=ORIENTED_EDGE('',*,*,#625,.T.);
#336=ORIENTED_EDGE('',*,*,#704,.T.);
#337=ORIENTED_EDGE('',*,*,#705,.T.);
#338=ORIENTED_EDGE('',*,*,#598,.T.);
#339=ORIENTED_EDGE('',*,*,#641,.F.);
#340=ORIENTED_EDGE('',*,*,#636,.T.);
#341=ORIENTED_EDGE('',*,*,#706,.T.);
#342=ORIENTED_EDGE('',*,*,#707,.T.);
#343=ORIENTED_EDGE('',*,*,#708,.T.);
#344=ORIENTED_EDGE('',*,*,#704,.F.);
#345=ORIENTED_EDGE('',*,*,#628,.F.);
#346=ORIENTED_EDGE('',*,*,#709,.F.);
#347=ORIENTED_EDGE('',*,*,#710,.T.);
#348=ORIENTED_EDGE('',*,*,#546,.T.);
#349=ORIENTED_EDGE('',*,*,#601,.T.);
#350=ORIENTED_EDGE('',*,*,#711,.T.);
#351=ORIENTED_EDGE('',*,*,#706,.F.);
#352=ORIENTED_EDGE('',*,*,#627,.F.);
#353=ORIENTED_EDGE('',*,*,#712,.T.);
#354=ORIENTED_EDGE('',*,*,#681,.F.);
#355=ORIENTED_EDGE('',*,*,#688,.F.);
#356=ORIENTED_EDGE('',*,*,#713,.F.);
#357=ORIENTED_EDGE('',*,*,#584,.F.);
#358=ORIENTED_EDGE('',*,*,#713,.T.);
#359=ORIENTED_EDGE('',*,*,#687,.F.);
#360=ORIENTED_EDGE('',*,*,#684,.F.);
#361=ORIENTED_EDGE('',*,*,#585,.F.);
#362=ORIENTED_EDGE('',*,*,#705,.F.);
#363=ORIENTED_EDGE('',*,*,#708,.F.);
#364=ORIENTED_EDGE('',*,*,#714,.F.);
#365=ORIENTED_EDGE('',*,*,#599,.F.);
#366=ORIENTED_EDGE('',*,*,#714,.T.);
#367=ORIENTED_EDGE('',*,*,#707,.F.);
#368=ORIENTED_EDGE('',*,*,#711,.F.);
#369=ORIENTED_EDGE('',*,*,#600,.F.);
#370=ORIENTED_EDGE('',*,*,#669,.F.);
#371=ORIENTED_EDGE('',*,*,#672,.F.);
#372=ORIENTED_EDGE('',*,*,#715,.F.);
#373=ORIENTED_EDGE('',*,*,#594,.F.);
#374=ORIENTED_EDGE('',*,*,#715,.T.);
#375=ORIENTED_EDGE('',*,*,#671,.F.);
#376=ORIENTED_EDGE('',*,*,#675,.F.);
#377=ORIENTED_EDGE('',*,*,#595,.F.);
#378=ORIENTED_EDGE('',*,*,#693,.F.);
#379=ORIENTED_EDGE('',*,*,#696,.F.);
#380=ORIENTED_EDGE('',*,*,#716,.F.);
#381=ORIENTED_EDGE('',*,*,#589,.F.);
#382=ORIENTED_EDGE('',*,*,#716,.T.);
#383=ORIENTED_EDGE('',*,*,#695,.F.);
#384=ORIENTED_EDGE('',*,*,#699,.F.);
#385=ORIENTED_EDGE('',*,*,#590,.F.);
#386=ORIENTED_EDGE('',*,*,#683,.F.);
#387=ORIENTED_EDGE('',*,*,#717,.T.);
#388=ORIENTED_EDGE('',*,*,#677,.T.);
#389=ORIENTED_EDGE('',*,*,#547,.F.);
#390=ORIENTED_EDGE('',*,*,#710,.F.);
#391=ORIENTED_EDGE('',*,*,#718,.T.);
#392=ORIENTED_EDGE('',*,*,#701,.T.);
#393=ORIENTED_EDGE('',*,*,#640,.F.);
#394=ORIENTED_EDGE('',*,*,#674,.F.);
#395=ORIENTED_EDGE('',*,*,#719,.T.);
#396=ORIENTED_EDGE('',*,*,#665,.T.);
#397=ORIENTED_EDGE('',*,*,#644,.F.);
#398=ORIENTED_EDGE('',*,*,#698,.F.);
#399=ORIENTED_EDGE('',*,*,#720,.T.);
#400=ORIENTED_EDGE('',*,*,#689,.T.);
#401=ORIENTED_EDGE('',*,*,#637,.F.);
#402=ORIENTED_EDGE('',*,*,#648,.F.);
#403=ORIENTED_EDGE('',*,*,#651,.F.);
#404=ORIENTED_EDGE('',*,*,#559,.F.);
#405=ORIENTED_EDGE('',*,*,#662,.F.);
#406=ORIENTED_EDGE('',*,*,#721,.F.);
#407=ORIENTED_EDGE('',*,*,#722,.F.);
#408=ORIENTED_EDGE('',*,*,#723,.F.);
#409=ORIENTED_EDGE('',*,*,#724,.F.);
#410=ORIENTED_EDGE('',*,*,#725,.F.);
#411=ORIENTED_EDGE('',*,*,#722,.T.);
#412=ORIENTED_EDGE('',*,*,#726,.F.);
#413=ORIENTED_EDGE('',*,*,#724,.T.);
#414=ORIENTED_EDGE('',*,*,#727,.F.);
#415=ORIENTED_EDGE('',*,*,#723,.T.);
#416=ORIENTED_EDGE('',*,*,#728,.F.);
#417=ORIENTED_EDGE('',*,*,#721,.T.);
#418=ORIENTED_EDGE('',*,*,#709,.T.);
#419=ORIENTED_EDGE('',*,*,#729,.T.);
#420=ORIENTED_EDGE('',*,*,#702,.F.);
#421=ORIENTED_EDGE('',*,*,#718,.F.);
#422=ORIENTED_EDGE('',*,*,#673,.T.);
#423=ORIENTED_EDGE('',*,*,#730,.T.);
#424=ORIENTED_EDGE('',*,*,#666,.F.);
#425=ORIENTED_EDGE('',*,*,#719,.F.);
#426=ORIENTED_EDGE('',*,*,#697,.T.);
#427=ORIENTED_EDGE('',*,*,#731,.T.);
#428=ORIENTED_EDGE('',*,*,#690,.F.);
#429=ORIENTED_EDGE('',*,*,#720,.F.);
#430=ORIENTED_EDGE('',*,*,#682,.T.);
#431=ORIENTED_EDGE('',*,*,#732,.T.);
#432=ORIENTED_EDGE('',*,*,#678,.F.);
#433=ORIENTED_EDGE('',*,*,#717,.F.);
#434=ORIENTED_EDGE('',*,*,#700,.F.);
#435=ORIENTED_EDGE('',*,*,#622,.F.);
#436=ORIENTED_EDGE('',*,*,#691,.F.);
#437=ORIENTED_EDGE('',*,*,#731,.F.);
#438=ORIENTED_EDGE('',*,*,#686,.F.);
#439=ORIENTED_EDGE('',*,*,#618,.F.);
#440=ORIENTED_EDGE('',*,*,#679,.F.);
#441=ORIENTED_EDGE('',*,*,#732,.F.);
#442=ORIENTED_EDGE('',*,*,#712,.F.);
#443=ORIENTED_EDGE('',*,*,#626,.F.);
#444=ORIENTED_EDGE('',*,*,#703,.F.);
#445=ORIENTED_EDGE('',*,*,#729,.F.);
#446=ORIENTED_EDGE('',*,*,#676,.F.);
#447=ORIENTED_EDGE('',*,*,#614,.F.);
#448=ORIENTED_EDGE('',*,*,#667,.F.);
#449=ORIENTED_EDGE('',*,*,#730,.F.);
#450=ORIENTED_EDGE('',*,*,#727,.T.);
#451=ORIENTED_EDGE('',*,*,#633,.F.);
#452=ORIENTED_EDGE('',*,*,#726,.T.);
#453=ORIENTED_EDGE('',*,*,#631,.F.);
#454=ORIENTED_EDGE('',*,*,#728,.T.);
#455=ORIENTED_EDGE('',*,*,#635,.F.);
#456=ORIENTED_EDGE('',*,*,#725,.T.);
#457=ORIENTED_EDGE('',*,*,#629,.F.);
#458=ORIENTED_EDGE('',*,*,#580,.T.);
#459=ORIENTED_EDGE('',*,*,#656,.F.);
#460=ORIENTED_EDGE('',*,*,#733,.T.);
#461=ORIENTED_EDGE('',*,*,#567,.F.);
#462=ORIENTED_EDGE('',*,*,#734,.F.);
#463=ORIENTED_EDGE('',*,*,#735,.T.);
#464=ORIENTED_EDGE('',*,*,#603,.T.);
#465=ORIENTED_EDGE('',*,*,#605,.F.);
#466=ORIENTED_EDGE('',*,*,#612,.T.);
#467=ORIENTED_EDGE('',*,*,#610,.F.);
#468=ORIENTED_EDGE('',*,*,#608,.T.);
#469=ORIENTED_EDGE('',*,*,#606,.F.);
#470=ORIENTED_EDGE('',*,*,#581,.T.);
#471=ORIENTED_EDGE('',*,*,#735,.F.);
#472=ORIENTED_EDGE('',*,*,#736,.T.);
#473=ORIENTED_EDGE('',*,*,#737,.F.);
#474=ORIENTED_EDGE('',*,*,#738,.T.);
#475=ORIENTED_EDGE('',*,*,#739,.F.);
#476=ORIENTED_EDGE('',*,*,#575,.T.);
#477=ORIENTED_EDGE('',*,*,#739,.T.);
#478=ORIENTED_EDGE('',*,*,#740,.T.);
#479=ORIENTED_EDGE('',*,*,#563,.F.);
#480=ORIENTED_EDGE('',*,*,#741,.F.);
#481=ORIENTED_EDGE('',*,*,#571,.F.);
#482=ORIENTED_EDGE('',*,*,#572,.T.);
#483=ORIENTED_EDGE('',*,*,#741,.T.);
#484=ORIENTED_EDGE('',*,*,#562,.T.);
#485=ORIENTED_EDGE('',*,*,#663,.F.);
#486=ORIENTED_EDGE('',*,*,#655,.T.);
#487=ORIENTED_EDGE('',*,*,#664,.F.);
#488=ORIENTED_EDGE('',*,*,#556,.T.);
#489=ORIENTED_EDGE('',*,*,#733,.F.);
#490=ORIENTED_EDGE('',*,*,#566,.T.);
#491=ORIENTED_EDGE('',*,*,#742,.F.);
#492=ORIENTED_EDGE('',*,*,#736,.F.);
#493=ORIENTED_EDGE('',*,*,#734,.T.);
#494=ORIENTED_EDGE('',*,*,#565,.F.);
#495=ORIENTED_EDGE('',*,*,#743,.F.);
#496=ORIENTED_EDGE('',*,*,#737,.T.);
#497=ORIENTED_EDGE('',*,*,#742,.T.);
#498=ORIENTED_EDGE('',*,*,#564,.T.);
#499=ORIENTED_EDGE('',*,*,#740,.F.);
#500=ORIENTED_EDGE('',*,*,#738,.F.);
#501=ORIENTED_EDGE('',*,*,#743,.T.);
#502=ORIENTED_EDGE('',*,*,#544,.F.);
#503=ORIENTED_EDGE('',*,*,#744,.T.);
#504=ORIENTED_EDGE('',*,*,#745,.F.);
#505=ORIENTED_EDGE('',*,*,#538,.T.);
#506=ORIENTED_EDGE('',*,*,#568,.F.);
#507=ORIENTED_EDGE('',*,*,#535,.F.);
#508=ORIENTED_EDGE('',*,*,#746,.T.);
#509=ORIENTED_EDGE('',*,*,#747,.F.);
#510=ORIENTED_EDGE('',*,*,#542,.T.);
#511=ORIENTED_EDGE('',*,*,#748,.T.);
#512=ORIENTED_EDGE('',*,*,#749,.F.);
#513=ORIENTED_EDGE('',*,*,#537,.T.);
#514=ORIENTED_EDGE('',*,*,#569,.T.);
#515=ORIENTED_EDGE('',*,*,#540,.F.);
#516=ORIENTED_EDGE('',*,*,#750,.T.);
#517=ORIENTED_EDGE('',*,*,#751,.F.);
#518=ORIENTED_EDGE('',*,*,#545,.T.);
#519=ORIENTED_EDGE('',*,*,#747,.T.);
#520=ORIENTED_EDGE('',*,*,#752,.T.);
#521=ORIENTED_EDGE('',*,*,#748,.F.);
#522=ORIENTED_EDGE('',*,*,#534,.T.);
#523=ORIENTED_EDGE('',*,*,#749,.T.);
#524=ORIENTED_EDGE('',*,*,#752,.F.);
#525=ORIENTED_EDGE('',*,*,#746,.F.);
#526=ORIENTED_EDGE('',*,*,#543,.T.);
#527=ORIENTED_EDGE('',*,*,#751,.T.);
#528=ORIENTED_EDGE('',*,*,#753,.T.);
#529=ORIENTED_EDGE('',*,*,#744,.F.);
#530=ORIENTED_EDGE('',*,*,#539,.F.);
#531=ORIENTED_EDGE('',*,*,#745,.T.);
#532=ORIENTED_EDGE('',*,*,#753,.F.);
#533=ORIENTED_EDGE('',*,*,#750,.F.);
#534=EDGE_CURVE('',#754,#755,#906,.T.);
#535=EDGE_CURVE('',#754,#756,#907,.T.);
#536=EDGE_CURVE('',#756,#757,#908,.T.);
#537=EDGE_CURVE('',#755,#757,#909,.T.);
#538=EDGE_CURVE('',#758,#759,#910,.T.);
#539=EDGE_CURVE('',#758,#760,#911,.T.);
#540=EDGE_CURVE('',#760,#761,#912,.T.);
#541=EDGE_CURVE('',#759,#761,#913,.T.);
#542=EDGE_CURVE('',#762,#763,#914,.T.);
#543=EDGE_CURVE('',#764,#762,#915,.T.);
#544=EDGE_CURVE('',#764,#765,#916,.T.);
#545=EDGE_CURVE('',#763,#765,#917,.T.);
#546=EDGE_CURVE('',#766,#767,#918,.T.);
#547=EDGE_CURVE('',#766,#768,#919,.T.);
#548=EDGE_CURVE('',#768,#769,#920,.T.);
#549=EDGE_CURVE('',#770,#769,#921,.T.);
#550=EDGE_CURVE('',#770,#771,#922,.T.);
#551=EDGE_CURVE('',#772,#771,#50,.T.);
#552=EDGE_CURVE('',#772,#773,#923,.T.);
#553=EDGE_CURVE('',#774,#773,#51,.T.);
#554=EDGE_CURVE('',#774,#775,#924,.T.);
#555=EDGE_CURVE('',#767,#775,#925,.T.);
#556=EDGE_CURVE('',#776,#777,#52,.T.);
#557=EDGE_CURVE('',#778,#776,#926,.T.);
#558=EDGE_CURVE('',#779,#778,#927,.T.);
#559=EDGE_CURVE('',#779,#780,#928,.T.);
#560=EDGE_CURVE('',#780,#781,#929,.T.);
#561=EDGE_CURVE('',#782,#781,#930,.T.);
#562=EDGE_CURVE('',#783,#782,#53,.T.);
#563=EDGE_CURVE('',#783,#784,#931,.T.);
#564=EDGE_CURVE('',#785,#784,#54,.T.);
#565=EDGE_CURVE('',#785,#786,#932,.T.);
#566=EDGE_CURVE('',#787,#786,#55,.T.);
#567=EDGE_CURVE('',#787,#777,#933,.T.);
#568=EDGE_CURVE('',#756,#759,#934,.T.);
#569=EDGE_CURVE('',#757,#761,#935,.T.);
#570=EDGE_CURVE('',#788,#789,#936,.T.);
#571=EDGE_CURVE('',#789,#790,#937,.T.);
#572=EDGE_CURVE('',#791,#790,#56,.T.);
#573=EDGE_CURVE('',#792,#791,#938,.T.);
#574=EDGE_CURVE('',#788,#792,#939,.T.);
#575=EDGE_CURVE('',#789,#793,#940,.T.);
#576=EDGE_CURVE('',#794,#788,#941,.T.);
#577=EDGE_CURVE('',#795,#794,#942,.T.);
#578=EDGE_CURVE('',#796,#795,#943,.T.);
#579=EDGE_CURVE('',#797,#796,#944,.T.);
#580=EDGE_CURVE('',#798,#797,#945,.T.);
#581=EDGE_CURVE('',#799,#798,#946,.T.);
#582=EDGE_CURVE('',#770,#799,#947,.T.);
#583=EDGE_CURVE('',#800,#769,#948,.T.);
#584=EDGE_CURVE('',#800,#801,#949,.F.);
#585=EDGE_CURVE('',#801,#802,#950,.F.);
#586=EDGE_CURVE('',#803,#802,#951,.T.);
#587=EDGE_CURVE('',#803,#804,#952,.T.);
#588=EDGE_CURVE('',#805,#804,#953,.T.);
#589=EDGE_CURVE('',#805,#806,#954,.F.);
#590=EDGE_CURVE('',#806,#807,#955,.F.);
#591=EDGE_CURVE('',#808,#807,#956,.T.);
#592=EDGE_CURVE('',#808,#809,#957,.T.);
#593=EDGE_CURVE('',#810,#809,#958,.T.);
#594=EDGE_CURVE('',#810,#811,#959,.F.);
#595=EDGE_CURVE('',#811,#812,#960,.F.);
#596=EDGE_CURVE('',#813,#812,#961,.T.);
#597=EDGE_CURVE('',#813,#814,#962,.T.);
#598=EDGE_CURVE('',#815,#814,#963,.T.);
#599=EDGE_CURVE('',#815,#816,#964,.F.);
#600=EDGE_CURVE('',#816,#817,#965,.F.);
#601=EDGE_CURVE('',#767,#817,#966,.T.);
#602=EDGE_CURVE('',#818,#775,#967,.T.);
#603=EDGE_CURVE('',#793,#818,#968,.T.);
#604=EDGE_CURVE('',#774,#819,#969,.T.);
#605=EDGE_CURVE('',#819,#818,#970,.T.);
#606=EDGE_CURVE('',#799,#820,#971,.T.);
#607=EDGE_CURVE('',#771,#820,#972,.T.);
#608=EDGE_CURVE('',#821,#820,#57,.F.);
#609=EDGE_CURVE('',#772,#821,#973,.T.);
#610=EDGE_CURVE('',#821,#822,#974,.T.);
#611=EDGE_CURVE('',#773,#822,#975,.T.);
#612=EDGE_CURVE('',#819,#822,#58,.F.);
#613=EDGE_CURVE('',#823,#824,#976,.T.);
#614=EDGE_CURVE('',#823,#825,#59,.F.);
#615=EDGE_CURVE('',#825,#826,#977,.T.);
#616=EDGE_CURVE('',#826,#824,#60,.T.);
#617=EDGE_CURVE('',#827,#828,#978,.T.);
#618=EDGE_CURVE('',#827,#829,#61,.F.);
#619=EDGE_CURVE('',#829,#830,#979,.T.);
#620=EDGE_CURVE('',#830,#828,#62,.T.);
#621=EDGE_CURVE('',#831,#832,#980,.T.);
#622=EDGE_CURVE('',#831,#833,#63,.F.);
#623=EDGE_CURVE('',#833,#834,#981,.T.);
#624=EDGE_CURVE('',#834,#832,#64,.T.);
#625=EDGE_CURVE('',#835,#836,#982,.T.);
#626=EDGE_CURVE('',#835,#837,#65,.F.);
#627=EDGE_CURVE('',#837,#838,#983,.T.);
#628=EDGE_CURVE('',#838,#836,#66,.T.);
#629=EDGE_CURVE('',#839,#839,#67,.T.);
#630=EDGE_CURVE('',#840,#840,#68,.T.);
#631=EDGE_CURVE('',#841,#841,#69,.T.);
#632=EDGE_CURVE('',#842,#842,#70,.T.);
#633=EDGE_CURVE('',#843,#843,#71,.T.);
#634=EDGE_CURVE('',#844,#844,#72,.T.);
#635=EDGE_CURVE('',#845,#845,#73,.T.);
#636=EDGE_CURVE('',#846,#846,#74,.T.);
#637=EDGE_CURVE('',#847,#848,#984,.T.);
#638=EDGE_CURVE('',#848,#804,#985,.T.);
#639=EDGE_CURVE('',#847,#803,#986,.T.);
#640=EDGE_CURVE('',#849,#850,#987,.T.);
#641=EDGE_CURVE('',#850,#814,#988,.T.);
#642=EDGE_CURVE('',#849,#813,#989,.T.);
#643=EDGE_CURVE('',#851,#808,#990,.T.);
#644=EDGE_CURVE('',#851,#852,#991,.T.);
#645=EDGE_CURVE('',#852,#809,#992,.T.);
#646=EDGE_CURVE('',#853,#854,#993,.T.);
#647=EDGE_CURVE('',#855,#853,#994,.T.);
#648=EDGE_CURVE('',#855,#856,#995,.T.);
#649=EDGE_CURVE('',#856,#854,#996,.T.);
#650=EDGE_CURVE('',#781,#853,#997,.T.);
#651=EDGE_CURVE('',#780,#855,#998,.T.);
#652=EDGE_CURVE('',#857,#858,#999,.T.);
#653=EDGE_CURVE('',#796,#857,#1000,.T.);
#654=EDGE_CURVE('',#795,#858,#1001,.T.);
#655=EDGE_CURVE('',#859,#860,#75,.T.);
#656=EDGE_CURVE('',#859,#797,#1002,.T.);
#657=EDGE_CURVE('',#860,#857,#1003,.T.);
#658=EDGE_CURVE('',#861,#792,#1004,.T.);
#659=EDGE_CURVE('',#794,#861,#1005,.T.);
#660=EDGE_CURVE('',#858,#861,#1006,.T.);
#661=EDGE_CURVE('',#854,#778,#1007,.T.);
#662=EDGE_CURVE('',#856,#779,#1008,.T.);
#663=EDGE_CURVE('',#791,#782,#1009,.T.);
#664=EDGE_CURVE('',#776,#860,#1010,.F.);
#665=EDGE_CURVE('',#862,#852,#1011,.T.);
#666=EDGE_CURVE('',#862,#863,#1012,.F.);
#667=EDGE_CURVE('',#863,#823,#20,.T.);
#668=EDGE_CURVE('',#824,#864,#1013,.T.);
#669=EDGE_CURVE('',#864,#810,#1014,.F.);
#670=EDGE_CURVE('',#826,#865,#1015,.T.);
#671=EDGE_CURVE('',#865,#866,#1016,.T.);
#672=EDGE_CURVE('',#866,#864,#1017,.T.);
#673=EDGE_CURVE('',#867,#868,#1018,.F.);
#674=EDGE_CURVE('',#867,#849,#1019,.T.);
#675=EDGE_CURVE('',#812,#865,#1020,.F.);
#676=EDGE_CURVE('',#825,#868,#21,.T.);
#677=EDGE_CURVE('',#869,#768,#1021,.T.);
#678=EDGE_CURVE('',#869,#870,#1022,.F.);
#679=EDGE_CURVE('',#870,#827,#22,.T.);
#680=EDGE_CURVE('',#828,#871,#1023,.T.);
#681=EDGE_CURVE('',#871,#800,#1024,.F.);
#682=EDGE_CURVE('',#872,#873,#1025,.F.);
#683=EDGE_CURVE('',#872,#847,#1026,.T.);
#684=EDGE_CURVE('',#802,#874,#1027,.F.);
#685=EDGE_CURVE('',#830,#874,#1028,.T.);
#686=EDGE_CURVE('',#829,#873,#23,.T.);
#687=EDGE_CURVE('',#874,#875,#1029,.T.);
#688=EDGE_CURVE('',#875,#871,#1030,.T.);
#689=EDGE_CURVE('',#876,#848,#1031,.T.);
#690=EDGE_CURVE('',#876,#877,#1032,.F.);
#691=EDGE_CURVE('',#877,#831,#24,.T.);
#692=EDGE_CURVE('',#832,#878,#1033,.T.);
#693=EDGE_CURVE('',#878,#805,#1034,.F.);
#694=EDGE_CURVE('',#834,#879,#1035,.T.);
#695=EDGE_CURVE('',#879,#880,#1036,.T.);
#696=EDGE_CURVE('',#880,#878,#1037,.T.);
#697=EDGE_CURVE('',#881,#882,#1038,.F.);
#698=EDGE_CURVE('',#881,#851,#1039,.T.);
#699=EDGE_CURVE('',#807,#879,#1040,.F.);
#700=EDGE_CURVE('',#833,#882,#25,.T.);
#701=EDGE_CURVE('',#883,#850,#1041,.T.);
#702=EDGE_CURVE('',#883,#884,#1042,.F.);
#703=EDGE_CURVE('',#884,#835,#26,.T.);
#704=EDGE_CURVE('',#836,#885,#1043,.T.);
#705=EDGE_CURVE('',#885,#815,#1044,.F.);
#706=EDGE_CURVE('',#838,#886,#1045,.T.);
#707=EDGE_CURVE('',#886,#887,#1046,.T.);
#708=EDGE_CURVE('',#887,#885,#1047,.T.);
#709=EDGE_CURVE('',#888,#889,#1048,.F.);
#710=EDGE_CURVE('',#888,#766,#1049,.T.);
#711=EDGE_CURVE('',#817,#886,#1050,.F.);
#712=EDGE_CURVE('',#837,#889,#27,.T.);
#713=EDGE_CURVE('',#801,#875,#1051,.F.);
#714=EDGE_CURVE('',#816,#887,#1052,.F.);
#715=EDGE_CURVE('',#811,#866,#1053,.F.);
#716=EDGE_CURVE('',#806,#880,#1054,.F.);
#717=EDGE_CURVE('',#872,#869,#76,.T.);
#718=EDGE_CURVE('',#888,#883,#77,.T.);
#719=EDGE_CURVE('',#867,#862,#78,.T.);
#720=EDGE_CURVE('',#881,#876,#79,.T.);
#721=EDGE_CURVE('',#890,#890,#80,.T.);
#722=EDGE_CURVE('',#891,#891,#81,.T.);
#723=EDGE_CURVE('',#892,#892,#82,.T.);
#724=EDGE_CURVE('',#893,#893,#83,.T.);
#725=EDGE_CURVE('',#894,#894,#84,.T.);
#726=EDGE_CURVE('',#895,#895,#85,.T.);
#727=EDGE_CURVE('',#896,#896,#86,.T.);
#728=EDGE_CURVE('',#897,#897,#87,.T.);
#729=EDGE_CURVE('',#889,#884,#88,.T.);
#730=EDGE_CURVE('',#868,#863,#89,.T.);
#731=EDGE_CURVE('',#882,#877,#90,.T.);
#732=EDGE_CURVE('',#873,#870,#91,.T.);
#733=EDGE_CURVE('',#859,#777,#1055,.T.);
#734=EDGE_CURVE('',#898,#787,#1056,.T.);
#735=EDGE_CURVE('',#898,#798,#1057,.T.);
#736=EDGE_CURVE('',#898,#899,#92,.T.);
#737=EDGE_CURVE('',#900,#899,#1058,.T.);
#738=EDGE_CURVE('',#900,#901,#93,.T.);
#739=EDGE_CURVE('',#793,#901,#1059,.T.);
#740=EDGE_CURVE('',#901,#784,#1060,.T.);
#741=EDGE_CURVE('',#790,#783,#1061,.T.);
#742=EDGE_CURVE('',#899,#786,#1062,.T.);
#743=EDGE_CURVE('',#900,#785,#1063,.T.);
#744=EDGE_CURVE('',#764,#902,#1064,.T.);
#745=EDGE_CURVE('',#758,#902,#1065,.T.);
#746=EDGE_CURVE('',#754,#903,#1066,.T.);
#747=EDGE_CURVE('',#765,#903,#1067,.T.);
#748=EDGE_CURVE('',#763,#904,#1068,.T.);
#749=EDGE_CURVE('',#755,#904,#1069,.T.);
#750=EDGE_CURVE('',#760,#905,#1070,.T.);
#751=EDGE_CURVE('',#762,#905,#1071,.T.);
#752=EDGE_CURVE('',#903,#904,#1072,.T.);
#753=EDGE_CURVE('',#905,#902,#1073,.T.);
#754=VERTEX_POINT('',#2148);
#755=VERTEX_POINT('',#2149);
#756=VERTEX_POINT('',#2151);
#757=VERTEX_POINT('',#2153);
#758=VERTEX_POINT('',#2157);
#759=VERTEX_POINT('',#2158);
#760=VERTEX_POINT('',#2160);
#761=VERTEX_POINT('',#2162);
#762=VERTEX_POINT('',#2166);
#763=VERTEX_POINT('',#2167);
#764=VERTEX_POINT('',#2169);
#765=VERTEX_POINT('',#2171);
#766=VERTEX_POINT('',#2174);
#767=VERTEX_POINT('',#2175);
#768=VERTEX_POINT('',#2177);
#769=VERTEX_POINT('',#2179);
#770=VERTEX_POINT('',#2181);
#771=VERTEX_POINT('',#2183);
#772=VERTEX_POINT('',#2185);
#773=VERTEX_POINT('',#2187);
#774=VERTEX_POINT('',#2189);
#775=VERTEX_POINT('',#2191);
#776=VERTEX_POINT('',#2195);
#777=VERTEX_POINT('',#2196);
#778=VERTEX_POINT('',#2198);
#779=VERTEX_POINT('',#2200);
#780=VERTEX_POINT('',#2202);
#781=VERTEX_POINT('',#2204);
#782=VERTEX_POINT('',#2206);
#783=VERTEX_POINT('',#2208);
#784=VERTEX_POINT('',#2210);
#785=VERTEX_POINT('',#2212);
#786=VERTEX_POINT('',#2214);
#787=VERTEX_POINT('',#2216);
#788=VERTEX_POINT('',#2222);
#789=VERTEX_POINT('',#2223);
#790=VERTEX_POINT('',#2225);
#791=VERTEX_POINT('',#2227);
#792=VERTEX_POINT('',#2229);
#793=VERTEX_POINT('',#2233);
#794=VERTEX_POINT('',#2235);
#795=VERTEX_POINT('',#2237);
#796=VERTEX_POINT('',#2239);
#797=VERTEX_POINT('',#2241);
#798=VERTEX_POINT('',#2243);
#799=VERTEX_POINT('',#2245);
#800=VERTEX_POINT('',#2248);
#801=VERTEX_POINT('',#2250);
#802=VERTEX_POINT('',#2252);
#803=VERTEX_POINT('',#2254);
#804=VERTEX_POINT('',#2256);
#805=VERTEX_POINT('',#2258);
#806=VERTEX_POINT('',#2260);
#807=VERTEX_POINT('',#2262);
#808=VERTEX_POINT('',#2264);
#809=VERTEX_POINT('',#2266);
#810=VERTEX_POINT('',#2268);
#811=VERTEX_POINT('',#2270);
#812=VERTEX_POINT('',#2272);
#813=VERTEX_POINT('',#2274);
#814=VERTEX_POINT('',#2276);
#815=VERTEX_POINT('',#2278);
#816=VERTEX_POINT('',#2280);
#817=VERTEX_POINT('',#2282);
#818=VERTEX_POINT('',#2285);
#819=VERTEX_POINT('',#2289);
#820=VERTEX_POINT('',#2293);
#821=VERTEX_POINT('',#2297);
#822=VERTEX_POINT('',#2301);
#823=VERTEX_POINT('',#2307);
#824=VERTEX_POINT('',#2308);
#825=VERTEX_POINT('',#2310);
#826=VERTEX_POINT('',#2312);
#827=VERTEX_POINT('',#2316);
#828=VERTEX_POINT('',#2317);
#829=VERTEX_POINT('',#2319);
#830=VERTEX_POINT('',#2321);
#831=VERTEX_POINT('',#2325);
#832=VERTEX_POINT('',#2326);
#833=VERTEX_POINT('',#2328);
#834=VERTEX_POINT('',#2330);
#835=VERTEX_POINT('',#2334);
#836=VERTEX_POINT('',#2335);
#837=VERTEX_POINT('',#2337);
#838=VERTEX_POINT('',#2339);
#839=VERTEX_POINT('',#2343);
#840=VERTEX_POINT('',#2345);
#841=VERTEX_POINT('',#2348);
#842=VERTEX_POINT('',#2350);
#843=VERTEX_POINT('',#2353);
#844=VERTEX_POINT('',#2355);
#845=VERTEX_POINT('',#2358);
#846=VERTEX_POINT('',#2360);
#847=VERTEX_POINT('',#2363);
#848=VERTEX_POINT('',#2364);
#849=VERTEX_POINT('',#2369);
#850=VERTEX_POINT('',#2370);
#851=VERTEX_POINT('',#2375);
#852=VERTEX_POINT('',#2377);
#853=VERTEX_POINT('',#2381);
#854=VERTEX_POINT('',#2382);
#855=VERTEX_POINT('',#2384);
#856=VERTEX_POINT('',#2386);
#857=VERTEX_POINT('',#2393);
#858=VERTEX_POINT('',#2394);
#859=VERTEX_POINT('',#2399);
#860=VERTEX_POINT('',#2400);
#861=VERTEX_POINT('',#2405);
#862=VERTEX_POINT('',#2417);
#863=VERTEX_POINT('',#2419);
#864=VERTEX_POINT('',#2426);
#865=VERTEX_POINT('',#2430);
#866=VERTEX_POINT('',#2432);
#867=VERTEX_POINT('',#2436);
#868=VERTEX_POINT('',#2437);
#869=VERTEX_POINT('',#2447);
#870=VERTEX_POINT('',#2449);
#871=VERTEX_POINT('',#2456);
#872=VERTEX_POINT('',#2460);
#873=VERTEX_POINT('',#2461);
#874=VERTEX_POINT('',#2464);
#875=VERTEX_POINT('',#2473);
#876=VERTEX_POINT('',#2477);
#877=VERTEX_POINT('',#2479);
#878=VERTEX_POINT('',#2486);
#879=VERTEX_POINT('',#2490);
#880=VERTEX_POINT('',#2492);
#881=VERTEX_POINT('',#2496);
#882=VERTEX_POINT('',#2497);
#883=VERTEX_POINT('',#2507);
#884=VERTEX_POINT('',#2509);
#885=VERTEX_POINT('',#2516);
#886=VERTEX_POINT('',#2520);
#887=VERTEX_POINT('',#2522);
#888=VERTEX_POINT('',#2526);
#889=VERTEX_POINT('',#2527);
#890=VERTEX_POINT('',#2554);
#891=VERTEX_POINT('',#2556);
#892=VERTEX_POINT('',#2558);
#893=VERTEX_POINT('',#2560);
#894=VERTEX_POINT('',#2563);
#895=VERTEX_POINT('',#2566);
#896=VERTEX_POINT('',#2569);
#897=VERTEX_POINT('',#2572);
#898=VERTEX_POINT('',#2592);
#899=VERTEX_POINT('',#2596);
#900=VERTEX_POINT('',#2598);
#901=VERTEX_POINT('',#2600);
#902=VERTEX_POINT('',#2614);
#903=VERTEX_POINT('',#2617);
#904=VERTEX_POINT('',#2621);
#905=VERTEX_POINT('',#2624);
#906=LINE('',#2147,#1074);
#907=LINE('',#2150,#1075);
#908=LINE('',#2152,#1076);
#909=LINE('',#2154,#1077);
#910=LINE('',#2156,#1078);
#911=LINE('',#2159,#1079);
#912=LINE('',#2161,#1080);
#913=LINE('',#2163,#1081);
#914=LINE('',#2165,#1082);
#915=LINE('',#2168,#1083);
#916=LINE('',#2170,#1084);
#917=LINE('',#2172,#1085);
#918=LINE('',#2173,#1086);
#919=LINE('',#2176,#1087);
#920=LINE('',#2178,#1088);
#921=LINE('',#2180,#1089);
#922=LINE('',#2182,#1090);
#923=LINE('',#2186,#1091);
#924=LINE('',#2190,#1092);
#925=LINE('',#2192,#1093);
#926=LINE('',#2197,#1094);
#927=LINE('',#2199,#1095);
#928=LINE('',#2201,#1096);
#929=LINE('',#2203,#1097);
#930=LINE('',#2205,#1098);
#931=LINE('',#2209,#1099);
#932=LINE('',#2213,#1100);
#933=LINE('',#2217,#1101);
#934=LINE('',#2218,#1102);
#935=LINE('',#2219,#1103);
#936=LINE('',#2221,#1104);
#937=LINE('',#2224,#1105);
#938=LINE('',#2228,#1106);
#939=LINE('',#2230,#1107);
#940=LINE('',#2232,#1108);
#941=LINE('',#2234,#1109);
#942=LINE('',#2236,#1110);
#943=LINE('',#2238,#1111);
#944=LINE('',#2240,#1112);
#945=LINE('',#2242,#1113);
#946=LINE('',#2244,#1114);
#947=LINE('',#2246,#1115);
#948=LINE('',#2247,#1116);
#949=LINE('',#2249,#1117);
#950=LINE('',#2251,#1118);
#951=LINE('',#2253,#1119);
#952=LINE('',#2255,#1120);
#953=LINE('',#2257,#1121);
#954=LINE('',#2259,#1122);
#955=LINE('',#2261,#1123);
#956=LINE('',#2263,#1124);
#957=LINE('',#2265,#1125);
#958=LINE('',#2267,#1126);
#959=LINE('',#2269,#1127);
#960=LINE('',#2271,#1128);
#961=LINE('',#2273,#1129);
#962=LINE('',#2275,#1130);
#963=LINE('',#2277,#1131);
#964=LINE('',#2279,#1132);
#965=LINE('',#2281,#1133);
#966=LINE('',#2283,#1134);
#967=LINE('',#2284,#1135);
#968=LINE('',#2286,#1136);
#969=LINE('',#2288,#1137);
#970=LINE('',#2290,#1138);
#971=LINE('',#2292,#1139);
#972=LINE('',#2294,#1140);
#973=LINE('',#2298,#1141);
#974=LINE('',#2300,#1142);
#975=LINE('',#2302,#1143);
#976=LINE('',#2306,#1144);
#977=LINE('',#2311,#1145);
#978=LINE('',#2315,#1146);
#979=LINE('',#2320,#1147);
#980=LINE('',#2324,#1148);
#981=LINE('',#2329,#1149);
#982=LINE('',#2333,#1150);
#983=LINE('',#2338,#1151);
#984=LINE('',#2362,#1152);
#985=LINE('',#2365,#1153);
#986=LINE('',#2366,#1154);
#987=LINE('',#2368,#1155);
#988=LINE('',#2371,#1156);
#989=LINE('',#2372,#1157);
#990=LINE('',#2374,#1158);
#991=LINE('',#2376,#1159);
#992=LINE('',#2378,#1160);
#993=LINE('',#2380,#1161);
#994=LINE('',#2383,#1162);
#995=LINE('',#2385,#1163);
#996=LINE('',#2387,#1164);
#997=LINE('',#2389,#1165);
#998=LINE('',#2390,#1166);
#999=LINE('',#2392,#1167);
#1000=LINE('',#2395,#1168);
#1001=LINE('',#2396,#1169);
#1002=LINE('',#2401,#1170);
#1003=LINE('',#2402,#1171);
#1004=LINE('',#2404,#1172);
#1005=LINE('',#2406,#1173);
#1006=LINE('',#2408,#1174);
#1007=LINE('',#2410,#1175);
#1008=LINE('',#2411,#1176);
#1009=LINE('',#2413,#1177);
#1010=LINE('',#2414,#1178);
#1011=LINE('',#2416,#1179);
#1012=LINE('',#2418,#1180);
#1013=LINE('',#2425,#1181);
#1014=LINE('',#2427,#1182);
#1015=LINE('',#2429,#1183);
#1016=LINE('',#2431,#1184);
#1017=LINE('',#2433,#1185);
#1018=LINE('',#2435,#1186);
#1019=LINE('',#2438,#1187);
#1020=LINE('',#2439,#1188);
#1021=LINE('',#2446,#1189);
#1022=LINE('',#2448,#1190);
#1023=LINE('',#2455,#1191);
#1024=LINE('',#2457,#1192);
#1025=LINE('',#2459,#1193);
#1026=LINE('',#2462,#1194);
#1027=LINE('',#2463,#1195);
#1028=LINE('',#2465,#1196);
#1029=LINE('',#2472,#1197);
#1030=LINE('',#2474,#1198);
#1031=LINE('',#2476,#1199);
#1032=LINE('',#2478,#1200);
#1033=LINE('',#2485,#1201);
#1034=LINE('',#2487,#1202);
#1035=LINE('',#2489,#1203);
#1036=LINE('',#2491,#1204);
#1037=LINE('',#2493,#1205);
#1038=LINE('',#2495,#1206);
#1039=LINE('',#2498,#1207);
#1040=LINE('',#2499,#1208);
#1041=LINE('',#2506,#1209);
#1042=LINE('',#2508,#1210);
#1043=LINE('',#2515,#1211);
#1044=LINE('',#2517,#1212);
#1045=LINE('',#2519,#1213);
#1046=LINE('',#2521,#1214);
#1047=LINE('',#2523,#1215);
#1048=LINE('',#2525,#1216);
#1049=LINE('',#2528,#1217);
#1050=LINE('',#2529,#1218);
#1051=LINE('',#2536,#1219);
#1052=LINE('',#2539,#1220);
#1053=LINE('',#2542,#1221);
#1054=LINE('',#2545,#1222);
#1055=LINE('',#2590,#1223);
#1056=LINE('',#2591,#1224);
#1057=LINE('',#2593,#1225);
#1058=LINE('',#2597,#1226);
#1059=LINE('',#2601,#1227);
#1060=LINE('',#2603,#1228);
#1061=LINE('',#2604,#1229);
#1062=LINE('',#2608,#1230);
#1063=LINE('',#2610,#1231);
#1064=LINE('',#2613,#1232);
#1065=LINE('',#2615,#1233);
#1066=LINE('',#2616,#1234);
#1067=LINE('',#2618,#1235);
#1068=LINE('',#2620,#1236);
#1069=LINE('',#2622,#1237);
#1070=LINE('',#2623,#1238);
#1071=LINE('',#2625,#1239);
#1072=LINE('',#2627,#1240);
#1073=LINE('',#2630,#1241);
#1074=VECTOR('',#1727,1.);
#1075=VECTOR('',#1728,1.);
#1076=VECTOR('',#1729,1.);
#1077=VECTOR('',#1730,1.);
#1078=VECTOR('',#1733,1.);
#1079=VECTOR('',#1734,1.);
#1080=VECTOR('',#1735,1.);
#1081=VECTOR('',#1736,1.);
#1082=VECTOR('',#1739,1.);
#1083=VECTOR('',#1740,1.);
#1084=VECTOR('',#1741,1.);
#1085=VECTOR('',#1742,1.);
#1086=VECTOR('',#1743,1.);
#1087=VECTOR('',#1744,1.);
#1088=VECTOR('',#1745,1.);
#1089=VECTOR('',#1746,1.);
#1090=VECTOR('',#1747,1.);
#1091=VECTOR('',#1750,1.);
#1092=VECTOR('',#1753,1.);
#1093=VECTOR('',#1754,1.);
#1094=VECTOR('',#1759,1.);
#1095=VECTOR('',#1760,1.);
#1096=VECTOR('',#1761,1.);
#1097=VECTOR('',#1762,1.);
#1098=VECTOR('',#1763,1.);
#1099=VECTOR('',#1766,1.);
#1100=VECTOR('',#1769,1.);
#1101=VECTOR('',#1772,1.);
#1102=VECTOR('',#1773,1.);
#1103=VECTOR('',#1774,1.);
#1104=VECTOR('',#1777,1.);
#1105=VECTOR('',#1778,1.);
#1106=VECTOR('',#1781,1.);
#1107=VECTOR('',#1782,1.);
#1108=VECTOR('',#1785,1.);
#1109=VECTOR('',#1786,1.);
#1110=VECTOR('',#1787,1.);
#1111=VECTOR('',#1788,1.);
#1112=VECTOR('',#1789,1.);
#1113=VECTOR('',#1790,1.);
#1114=VECTOR('',#1791,1.);
#1115=VECTOR('',#1792,1.);
#1116=VECTOR('',#1793,1.);
#1117=VECTOR('',#1794,1.);
#1118=VECTOR('',#1795,1.);
#1119=VECTOR('',#1796,1.);
#1120=VECTOR('',#1797,1.);
#1121=VECTOR('',#1798,1.);
#1122=VECTOR('',#1799,1.);
#1123=VECTOR('',#1800,1.);
#1124=VECTOR('',#1801,1.);
#1125=VECTOR('',#1802,1.);
#1126=VECTOR('',#1803,1.);
#1127=VECTOR('',#1804,1.);
#1128=VECTOR('',#1805,1.);
#1129=VECTOR('',#1806,1.);
#1130=VECTOR('',#1807,1.);
#1131=VECTOR('',#1808,1.);
#1132=VECTOR('',#1809,1.);
#1133=VECTOR('',#1810,1.);
#1134=VECTOR('',#1811,1.);
#1135=VECTOR('',#1812,1.);
#1136=VECTOR('',#1813,1.);
#1137=VECTOR('',#1816,1.);
#1138=VECTOR('',#1817,1.);
#1139=VECTOR('',#1820,1.);
#1140=VECTOR('',#1821,1.);
#1141=VECTOR('',#1826,1.);
#1142=VECTOR('',#1829,1.);
#1143=VECTOR('',#1830,1.);
#1144=VECTOR('',#1837,1.);
#1145=VECTOR('',#1840,1.);
#1146=VECTOR('',#1845,1.);
#1147=VECTOR('',#1848,1.);
#1148=VECTOR('',#1853,1.);
#1149=VECTOR('',#1856,1.);
#1150=VECTOR('',#1861,1.);
#1151=VECTOR('',#1864,1.);
#1152=VECTOR('',#1893,1.);
#1153=VECTOR('',#1894,1.);
#1154=VECTOR('',#1895,1.);
#1155=VECTOR('',#1898,1.);
#1156=VECTOR('',#1899,1.);
#1157=VECTOR('',#1900,1.);
#1158=VECTOR('',#1903,1.);
#1159=VECTOR('',#1904,1.);
#1160=VECTOR('',#1905,1.);
#1161=VECTOR('',#1908,1.);
#1162=VECTOR('',#1909,1.);
#1163=VECTOR('',#1910,1.);
#1164=VECTOR('',#1911,1.);
#1165=VECTOR('',#1914,1.);
#1166=VECTOR('',#1915,1.);
#1167=VECTOR('',#1918,1.);
#1168=VECTOR('',#1919,1.);
#1169=VECTOR('',#1920,1.);
#1170=VECTOR('',#1925,1.);
#1171=VECTOR('',#1926,1.);
#1172=VECTOR('',#1929,1.);
#1173=VECTOR('',#1930,1.);
#1174=VECTOR('',#1933,1.);
#1175=VECTOR('',#1936,1.);
#1176=VECTOR('',#1937,1.);
#1177=VECTOR('',#1940,1.);
#1178=VECTOR('',#1941,1.);
#1179=VECTOR('',#1944,1.);
#1180=VECTOR('',#1945,1.);
#1181=VECTOR('',#1946,1.);
#1182=VECTOR('',#1947,1.);
#1183=VECTOR('',#1950,1.);
#1184=VECTOR('',#1951,1.);
#1185=VECTOR('',#1952,1.);
#1186=VECTOR('',#1955,1.);
#1187=VECTOR('',#1956,1.);
#1188=VECTOR('',#1957,1.);
#1189=VECTOR('',#1960,1.);
#1190=VECTOR('',#1961,1.);
#1191=VECTOR('',#1962,1.);
#1192=VECTOR('',#1963,1.);
#1193=VECTOR('',#1966,1.);
#1194=VECTOR('',#1967,1.);
#1195=VECTOR('',#1968,1.);
#1196=VECTOR('',#1969,1.);
#1197=VECTOR('',#1972,1.);
#1198=VECTOR('',#1973,1.);
#1199=VECTOR('',#1976,1.);
#1200=VECTOR('',#1977,1.);
#1201=VECTOR('',#1978,1.);
#1202=VECTOR('',#1979,1.);
#1203=VECTOR('',#1982,1.);
#1204=VECTOR('',#1983,1.);
#1205=VECTOR('',#1984,1.);
#1206=VECTOR('',#1987,1.);
#1207=VECTOR('',#1988,1.);
#1208=VECTOR('',#1989,1.);
#1209=VECTOR('',#1992,1.);
#1210=VECTOR('',#1993,1.);
#1211=VECTOR('',#1994,1.);
#1212=VECTOR('',#1995,1.);
#1213=VECTOR('',#1998,1.);
#1214=VECTOR('',#1999,1.);
#1215=VECTOR('',#2000,1.);
#1216=VECTOR('',#2003,1.);
#1217=VECTOR('',#2004,1.);
#1218=VECTOR('',#2005,1.);
#1219=VECTOR('',#2008,1.);
#1220=VECTOR('',#2013,1.);
#1221=VECTOR('',#2018,1.);
#1222=VECTOR('',#2023,1.);
#1223=VECTOR('',#2096,1.);
#1224=VECTOR('',#2097,1.);
#1225=VECTOR('',#2098,1.);
#1226=VECTOR('',#2103,1.);
#1227=VECTOR('',#2106,1.);
#1228=VECTOR('',#2109,1.);
#1229=VECTOR('',#2110,1.);
#1230=VECTOR('',#2117,1.);
#1231=VECTOR('',#2120,1.);
#1232=VECTOR('',#2125,1.);
#1233=VECTOR('',#2126,1.);
#1234=VECTOR('',#2127,1.);
#1235=VECTOR('',#2128,1.);
#1236=VECTOR('',#2131,1.);
#1237=VECTOR('',#2132,1.);
#1238=VECTOR('',#2133,1.);
#1239=VECTOR('',#2134,1.);
#1240=VECTOR('',#2137,1.);
#1241=VECTOR('',#2142,1.);
#1242=EDGE_LOOP('',(#94,#95,#96,#97));
#1243=EDGE_LOOP('',(#98,#99,#100,#101));
#1244=EDGE_LOOP('',(#102,#103,#104,#105));
#1245=EDGE_LOOP('',(#106,#107,#108,#109,#110,#111,#112,#113,#114,#115));
#1246=EDGE_LOOP('',(#116,#117,#118,#119,#120,#121,#122,#123,#124,#125,#126,
#127));
#1247=EDGE_LOOP('',(#128,#129,#130,#131));
#1248=EDGE_LOOP('',(#132,#133,#134,#135,#136));
#1249=EDGE_LOOP('',(#137,#138,#139,#140,#141,#142,#143,#144,#145,#146,#147,
#148,#149,#150,#151,#152,#153,#154,#155,#156,#157,#158,#159,#160,#161,#162,
#163,#164,#165,#166,#167,#168));
#1250=EDGE_LOOP('',(#169,#170,#171,#172));
#1251=EDGE_LOOP('',(#173,#174,#175,#176));
#1252=EDGE_LOOP('',(#177,#178,#179,#180));
#1253=EDGE_LOOP('',(#181,#182,#183,#184));
#1254=EDGE_LOOP('',(#185,#186,#187,#188));
#1255=EDGE_LOOP('',(#189,#190,#191,#192));
#1256=EDGE_LOOP('',(#193,#194,#195,#196));
#1257=EDGE_LOOP('',(#197,#198,#199,#200));
#1258=EDGE_LOOP('',(#201,#202,#203,#204));
#1259=EDGE_LOOP('',(#205));
#1260=EDGE_LOOP('',(#206));
#1261=EDGE_LOOP('',(#207));
#1262=EDGE_LOOP('',(#208));
#1263=EDGE_LOOP('',(#209));
#1264=EDGE_LOOP('',(#210));
#1265=EDGE_LOOP('',(#211));
#1266=EDGE_LOOP('',(#212));
#1267=EDGE_LOOP('',(#213,#214,#215,#216));
#1268=EDGE_LOOP('',(#217,#218,#219,#220));
#1269=EDGE_LOOP('',(#221,#222,#223,#224));
#1270=EDGE_LOOP('',(#225,#226,#227,#228));
#1271=EDGE_LOOP('',(#229,#230,#231,#232));
#1272=EDGE_LOOP('',(#233,#234,#235,#236));
#1273=EDGE_LOOP('',(#237,#238,#239,#240,#241));
#1274=EDGE_LOOP('',(#242,#243,#244,#245));
#1275=EDGE_LOOP('',(#246,#247,#248,#249));
#1276=EDGE_LOOP('',(#250,#251,#252,#253));
#1277=EDGE_LOOP('',(#254,#255,#256,#257,#258,#259,#260,#261,#262,#263,#264,
#265));
#1278=EDGE_LOOP('',(#266,#267,#268,#269,#270,#271,#272,#273));
#1279=EDGE_LOOP('',(#274,#275,#276,#277,#278));
#1280=EDGE_LOOP('',(#279));
#1281=EDGE_LOOP('',(#280,#281,#282,#283,#284,#285,#286,#287));
#1282=EDGE_LOOP('',(#288,#289,#290,#291,#292,#293,#294,#295));
#1283=EDGE_LOOP('',(#296,#297,#298,#299,#300,#301,#302,#303));
#1284=EDGE_LOOP('',(#304,#305,#306,#307,#308));
#1285=EDGE_LOOP('',(#309));
#1286=EDGE_LOOP('',(#310,#311,#312,#313,#314,#315,#316,#317));
#1287=EDGE_LOOP('',(#318,#319,#320,#321,#322));
#1288=EDGE_LOOP('',(#323));
#1289=EDGE_LOOP('',(#324,#325,#326,#327,#328,#329,#330,#331));
#1290=EDGE_LOOP('',(#332,#333,#334,#335,#336,#337,#338,#339));
#1291=EDGE_LOOP('',(#340));
#1292=EDGE_LOOP('',(#341,#342,#343,#344,#345));
#1293=EDGE_LOOP('',(#346,#347,#348,#349,#350,#351,#352,#353));
#1294=EDGE_LOOP('',(#354,#355,#356,#357));
#1295=EDGE_LOOP('',(#358,#359,#360,#361));
#1296=EDGE_LOOP('',(#362,#363,#364,#365));
#1297=EDGE_LOOP('',(#366,#367,#368,#369));
#1298=EDGE_LOOP('',(#370,#371,#372,#373));
#1299=EDGE_LOOP('',(#374,#375,#376,#377));
#1300=EDGE_LOOP('',(#378,#379,#380,#381));
#1301=EDGE_LOOP('',(#382,#383,#384,#385));
#1302=EDGE_LOOP('',(#386,#387,#388,#389,#390,#391,#392,#393,#394,#395,#396,
#397,#398,#399,#400,#401));
#1303=EDGE_LOOP('',(#402,#403,#404,#405));
#1304=EDGE_LOOP('',(#406));
#1305=EDGE_LOOP('',(#407));
#1306=EDGE_LOOP('',(#408));
#1307=EDGE_LOOP('',(#409));
#1308=EDGE_LOOP('',(#410));
#1309=EDGE_LOOP('',(#411));
#1310=EDGE_LOOP('',(#412));
#1311=EDGE_LOOP('',(#413));
#1312=EDGE_LOOP('',(#414));
#1313=EDGE_LOOP('',(#415));
#1314=EDGE_LOOP('',(#416));
#1315=EDGE_LOOP('',(#417));
#1316=EDGE_LOOP('',(#418,#419,#420,#421));
#1317=EDGE_LOOP('',(#422,#423,#424,#425));
#1318=EDGE_LOOP('',(#426,#427,#428,#429));
#1319=EDGE_LOOP('',(#430,#431,#432,#433));
#1320=EDGE_LOOP('',(#434,#435,#436,#437));
#1321=EDGE_LOOP('',(#438,#439,#440,#441));
#1322=EDGE_LOOP('',(#442,#443,#444,#445));
#1323=EDGE_LOOP('',(#446,#447,#448,#449));
#1324=EDGE_LOOP('',(#450));
#1325=EDGE_LOOP('',(#451));
#1326=EDGE_LOOP('',(#452));
#1327=EDGE_LOOP('',(#453));
#1328=EDGE_LOOP('',(#454));
#1329=EDGE_LOOP('',(#455));
#1330=EDGE_LOOP('',(#456));
#1331=EDGE_LOOP('',(#457));
#1332=EDGE_LOOP('',(#458,#459,#460,#461,#462,#463));
#1333=EDGE_LOOP('',(#464,#465,#466,#467,#468,#469,#470,#471,#472,#473,#474,
#475));
#1334=EDGE_LOOP('',(#476,#477,#478,#479,#480,#481));
#1335=EDGE_LOOP('',(#482,#483,#484,#485));
#1336=EDGE_LOOP('',(#486,#487,#488,#489));
#1337=EDGE_LOOP('',(#490,#491,#492,#493));
#1338=EDGE_LOOP('',(#494,#495,#496,#497));
#1339=EDGE_LOOP('',(#498,#499,#500,#501));
#1340=EDGE_LOOP('',(#502,#503,#504,#505,#506,#507,#508,#509));
#1341=EDGE_LOOP('',(#510,#511,#512,#513,#514,#515,#516,#517));
#1342=EDGE_LOOP('',(#518,#519,#520,#521));
#1343=EDGE_LOOP('',(#522,#523,#524,#525));
#1344=EDGE_LOOP('',(#526,#527,#528,#529));
#1345=EDGE_LOOP('',(#530,#531,#532,#533));
#1346=FACE_BOUND('',#1242,.T.);
#1347=FACE_BOUND('',#1243,.T.);
#1348=FACE_BOUND('',#1244,.T.);
#1349=FACE_BOUND('',#1245,.T.);
#1350=FACE_BOUND('',#1246,.T.);
#1351=FACE_BOUND('',#1247,.T.);
#1352=FACE_BOUND('',#1248,.T.);
#1353=FACE_BOUND('',#1249,.T.);
#1354=FACE_BOUND('',#1250,.T.);
#1355=FACE_BOUND('',#1251,.T.);
#1356=FACE_BOUND('',#1252,.T.);
#1357=FACE_BOUND('',#1253,.T.);
#1358=FACE_BOUND('',#1254,.T.);
#1359=FACE_BOUND('',#1255,.T.);
#1360=FACE_BOUND('',#1256,.T.);
#1361=FACE_BOUND('',#1257,.T.);
#1362=FACE_BOUND('',#1258,.T.);
#1363=FACE_BOUND('',#1259,.T.);
#1364=FACE_BOUND('',#1260,.T.);
#1365=FACE_BOUND('',#1261,.T.);
#1366=FACE_BOUND('',#1262,.T.);
#1367=FACE_BOUND('',#1263,.T.);
#1368=FACE_BOUND('',#1264,.T.);
#1369=FACE_BOUND('',#1265,.T.);
#1370=FACE_BOUND('',#1266,.T.);
#1371=FACE_BOUND('',#1267,.T.);
#1372=FACE_BOUND('',#1268,.T.);
#1373=FACE_BOUND('',#1269,.T.);
#1374=FACE_BOUND('',#1270,.T.);
#1375=FACE_BOUND('',#1271,.T.);
#1376=FACE_BOUND('',#1272,.T.);
#1377=FACE_BOUND('',#1273,.T.);
#1378=FACE_BOUND('',#1274,.T.);
#1379=FACE_BOUND('',#1275,.T.);
#1380=FACE_BOUND('',#1276,.T.);
#1381=FACE_BOUND('',#1277,.T.);
#1382=FACE_BOUND('',#1278,.T.);
#1383=FACE_BOUND('',#1279,.T.);
#1384=FACE_BOUND('',#1280,.T.);
#1385=FACE_BOUND('',#1281,.T.);
#1386=FACE_BOUND('',#1282,.T.);
#1387=FACE_BOUND('',#1283,.T.);
#1388=FACE_BOUND('',#1284,.T.);
#1389=FACE_BOUND('',#1285,.T.);
#1390=FACE_BOUND('',#1286,.T.);
#1391=FACE_BOUND('',#1287,.T.);
#1392=FACE_BOUND('',#1288,.T.);
#1393=FACE_BOUND('',#1289,.T.);
#1394=FACE_BOUND('',#1290,.T.);
#1395=FACE_BOUND('',#1291,.T.);
#1396=FACE_BOUND('',#1292,.T.);
#1397=FACE_BOUND('',#1293,.T.);
#1398=FACE_BOUND('',#1294,.T.);
#1399=FACE_BOUND('',#1295,.T.);
#1400=FACE_BOUND('',#1296,.T.);
#1401=FACE_BOUND('',#1297,.T.);
#1402=FACE_BOUND('',#1298,.T.);
#1403=FACE_BOUND('',#1299,.T.);
#1404=FACE_BOUND('',#1300,.T.);
#1405=FACE_BOUND('',#1301,.T.);
#1406=FACE_BOUND('',#1302,.T.);
#1407=FACE_BOUND('',#1303,.T.);
#1408=FACE_BOUND('',#1304,.T.);
#1409=FACE_BOUND('',#1305,.T.);
#1410=FACE_BOUND('',#1306,.T.);
#1411=FACE_BOUND('',#1307,.T.);
#1412=FACE_BOUND('',#1308,.T.);
#1413=FACE_BOUND('',#1309,.T.);
#1414=FACE_BOUND('',#1310,.T.);
#1415=FACE_BOUND('',#1311,.T.);
#1416=FACE_BOUND('',#1312,.T.);
#1417=FACE_BOUND('',#1313,.T.);
#1418=FACE_BOUND('',#1314,.T.);
#1419=FACE_BOUND('',#1315,.T.);
#1420=FACE_BOUND('',#1316,.T.);
#1421=FACE_BOUND('',#1317,.T.);
#1422=FACE_BOUND('',#1318,.T.);
#1423=FACE_BOUND('',#1319,.T.);
#1424=FACE_BOUND('',#1320,.T.);
#1425=FACE_BOUND('',#1321,.T.);
#1426=FACE_BOUND('',#1322,.T.);
#1427=FACE_BOUND('',#1323,.T.);
#1428=FACE_BOUND('',#1324,.T.);
#1429=FACE_BOUND('',#1325,.T.);
#1430=FACE_BOUND('',#1326,.T.);
#1431=FACE_BOUND('',#1327,.T.);
#1432=FACE_BOUND('',#1328,.T.);
#1433=FACE_BOUND('',#1329,.T.);
#1434=FACE_BOUND('',#1330,.T.);
#1435=FACE_BOUND('',#1331,.T.);
#1436=FACE_BOUND('',#1332,.T.);
#1437=FACE_BOUND('',#1333,.T.);
#1438=FACE_BOUND('',#1334,.T.);
#1439=FACE_BOUND('',#1335,.T.);
#1440=FACE_BOUND('',#1336,.T.);
#1441=FACE_BOUND('',#1337,.T.);
#1442=FACE_BOUND('',#1338,.T.);
#1443=FACE_BOUND('',#1339,.T.);
#1444=FACE_BOUND('',#1340,.T.);
#1445=FACE_BOUND('',#1341,.T.);
#1446=FACE_BOUND('',#1342,.T.);
#1447=FACE_BOUND('',#1343,.T.);
#1448=FACE_BOUND('',#1344,.T.);
#1449=FACE_BOUND('',#1345,.T.);
#1450=PLANE('',#1597);
#1451=PLANE('',#1598);
#1452=PLANE('',#1599);
#1453=PLANE('',#1602);
#1454=PLANE('',#1607);
#1455=PLANE('',#1609);
#1456=PLANE('',#1610);
#1457=PLANE('',#1611);
#1458=PLANE('',#1614);
#1459=PLANE('',#1641);
#1460=PLANE('',#1642);
#1461=PLANE('',#1643);
#1462=PLANE('',#1644);
#1463=PLANE('',#1645);
#1464=PLANE('',#1646);
#1465=PLANE('',#1647);
#1466=PLANE('',#1649);
#1467=PLANE('',#1650);
#1468=PLANE('',#1651);
#1469=PLANE('',#1652);
#1470=PLANE('',#1653);
#1471=PLANE('',#1654);
#1472=PLANE('',#1655);
#1473=PLANE('',#1656);
#1474=PLANE('',#1657);
#1475=PLANE('',#1658);
#1476=PLANE('',#1659);
#1477=PLANE('',#1660);
#1478=PLANE('',#1661);
#1479=PLANE('',#1662);
#1480=PLANE('',#1663);
#1481=PLANE('',#1664);
#1482=PLANE('',#1665);
#1483=PLANE('',#1666);
#1484=PLANE('',#1667);
#1485=PLANE('',#1668);
#1486=PLANE('',#1669);
#1487=PLANE('',#1670);
#1488=PLANE('',#1671);
#1489=PLANE('',#1672);
#1490=PLANE('',#1673);
#1491=PLANE('',#1678);
#1492=PLANE('',#1707);
#1493=PLANE('',#1708);
#1494=PLANE('',#1711);
#1495=PLANE('',#1715);
#1496=PLANE('',#1717);
#1497=PLANE('',#1718);
#1498=PLANE('',#1719);
#1499=PLANE('',#1720);
#1500=PLANE('',#1721);
#1501=PLANE('',#1722);
#1502=ADVANCED_FACE('',(#1346),#1450,.F.);
#1503=ADVANCED_FACE('',(#1347),#1451,.T.);
#1504=ADVANCED_FACE('',(#1348,#1349),#1452,.T.);
#1505=ADVANCED_FACE('',(#1350,#1351),#1453,.T.);
#1506=ADVANCED_FACE('',(#1352),#1454,.T.);
#1507=ADVANCED_FACE('',(#1353),#1455,.F.);
#1508=ADVANCED_FACE('',(#1354),#1456,.T.);
#1509=ADVANCED_FACE('',(#1355),#1457,.T.);
#1510=ADVANCED_FACE('',(#1356),#28,.F.);
#1511=ADVANCED_FACE('',(#1357),#1458,.T.);
#1512=ADVANCED_FACE('',(#1358),#29,.F.);
#1513=ADVANCED_FACE('',(#1359),#30,.T.);
#1514=ADVANCED_FACE('',(#1360),#31,.T.);
#1515=ADVANCED_FACE('',(#1361),#32,.T.);
#1516=ADVANCED_FACE('',(#1362),#33,.T.);
#1517=ADVANCED_FACE('',(#1363,#1364),#34,.F.);
#1518=ADVANCED_FACE('',(#1365,#1366),#35,.F.);
#1519=ADVANCED_FACE('',(#1367,#1368),#36,.F.);
#1520=ADVANCED_FACE('',(#1369,#1370),#37,.F.);
#1521=ADVANCED_FACE('',(#1371),#1459,.T.);
#1522=ADVANCED_FACE('',(#1372),#1460,.T.);
#1523=ADVANCED_FACE('',(#1373),#1461,.T.);
#1524=ADVANCED_FACE('',(#1374),#1462,.T.);
#1525=ADVANCED_FACE('',(#1375),#1463,.T.);
#1526=ADVANCED_FACE('',(#1376),#1464,.T.);
#1527=ADVANCED_FACE('',(#1377),#1465,.T.);
#1528=ADVANCED_FACE('',(#1378),#1466,.T.);
#1529=ADVANCED_FACE('',(#1379),#1467,.T.);
#1530=ADVANCED_FACE('',(#1380),#1468,.T.);
#1531=ADVANCED_FACE('',(#1381),#1469,.F.);
#1532=ADVANCED_FACE('',(#1382),#1470,.F.);
#1533=ADVANCED_FACE('',(#1383,#1384),#1471,.F.);
#1534=ADVANCED_FACE('',(#1385),#1472,.T.);
#1535=ADVANCED_FACE('',(#1386),#1473,.F.);
#1536=ADVANCED_FACE('',(#1387),#1474,.T.);
#1537=ADVANCED_FACE('',(#1388,#1389),#1475,.F.);
#1538=ADVANCED_FACE('',(#1390),#1476,.F.);
#1539=ADVANCED_FACE('',(#1391,#1392),#1477,.F.);
#1540=ADVANCED_FACE('',(#1393),#1478,.T.);
#1541=ADVANCED_FACE('',(#1394),#1479,.F.);
#1542=ADVANCED_FACE('',(#1395,#1396),#1480,.F.);
#1543=ADVANCED_FACE('',(#1397),#1481,.T.);
#1544=ADVANCED_FACE('',(#1398),#1482,.F.);
#1545=ADVANCED_FACE('',(#1399),#1483,.F.);
#1546=ADVANCED_FACE('',(#1400),#1484,.F.);
#1547=ADVANCED_FACE('',(#1401),#1485,.F.);
#1548=ADVANCED_FACE('',(#1402),#1486,.F.);
#1549=ADVANCED_FACE('',(#1403),#1487,.F.);
#1550=ADVANCED_FACE('',(#1404),#1488,.F.);
#1551=ADVANCED_FACE('',(#1405),#1489,.F.);
#1552=ADVANCED_FACE('',(#1406),#1490,.F.);
#1553=ADVANCED_FACE('',(#1407,#1408,#1409,#1410,#1411),#1491,.T.);
#1554=ADVANCED_FACE('',(#1412,#1413),#38,.F.);
#1555=ADVANCED_FACE('',(#1414,#1415),#39,.F.);
#1556=ADVANCED_FACE('',(#1416,#1417),#40,.F.);
#1557=ADVANCED_FACE('',(#1418,#1419),#41,.F.);
#1558=ADVANCED_FACE('',(#1420),#42,.T.);
#1559=ADVANCED_FACE('',(#1421),#43,.T.);
#1560=ADVANCED_FACE('',(#1422),#44,.T.);
#1561=ADVANCED_FACE('',(#1423),#45,.T.);
#1562=ADVANCED_FACE('',(#1424),#12,.T.);
#1563=ADVANCED_FACE('',(#1425),#13,.T.);
#1564=ADVANCED_FACE('',(#1426),#14,.T.);
#1565=ADVANCED_FACE('',(#1427),#15,.T.);
#1566=ADVANCED_FACE('',(#1428,#1429),#16,.F.);
#1567=ADVANCED_FACE('',(#1430,#1431),#17,.F.);
#1568=ADVANCED_FACE('',(#1432,#1433),#18,.F.);
#1569=ADVANCED_FACE('',(#1434,#1435),#19,.F.);
#1570=ADVANCED_FACE('',(#1436),#1492,.T.);
#1571=ADVANCED_FACE('',(#1437),#1493,.T.);
#1572=ADVANCED_FACE('',(#1438),#1494,.T.);
#1573=ADVANCED_FACE('',(#1439),#46,.F.);
#1574=ADVANCED_FACE('',(#1440),#47,.F.);
#1575=ADVANCED_FACE('',(#1441),#48,.F.);
#1576=ADVANCED_FACE('',(#1442),#1495,.T.);
#1577=ADVANCED_FACE('',(#1443),#49,.F.);
#1578=ADVANCED_FACE('',(#1444),#1496,.T.);
#1579=ADVANCED_FACE('',(#1445),#1497,.F.);
#1580=ADVANCED_FACE('',(#1446),#1498,.F.);
#1581=ADVANCED_FACE('',(#1447),#1499,.F.);
#1582=ADVANCED_FACE('',(#1448),#1500,.F.);
#1583=ADVANCED_FACE('',(#1449),#1501,.F.);
#1584=CLOSED_SHELL('',(#1502,#1503,#1504,#1505,#1506,#1507,#1508,#1509,
#1510,#1511,#1512,#1513,#1514,#1515,#1516,#1517,#1518,#1519,#1520,#1521,
#1522,#1523,#1524,#1525,#1526,#1527,#1528,#1529,#1530,#1531,#1532,#1533,
#1534,#1535,#1536,#1537,#1538,#1539,#1540,#1541,#1542,#1543,#1544,#1545,
#1546,#1547,#1548,#1549,#1550,#1551,#1552,#1553,#1554,#1555,#1556,#1557,
#1558,#1559,#1560,#1561,#1562,#1563,#1564,#1565,#1566,#1567,#1568,#1569,
#1570,#1571,#1572,#1573,#1574,#1575,#1576,#1577,#1578,#1579,#1580,#1581,
#1582,#1583));
#1585=STYLED_ITEM('',(#1586),#1593);
#1586=PRESENTATION_STYLE_ASSIGNMENT((#1587));
#1587=SURFACE_STYLE_USAGE(.BOTH.,#1588);
#1588=SURFACE_SIDE_STYLE('',(#1589));
#1589=SURFACE_STYLE_FILL_AREA(#1590);
#1590=FILL_AREA_STYLE('',(#1591));
#1591=FILL_AREA_STYLE_COLOUR('',#1592);
#1592=COLOUR_RGB('',0.917647058823529,0.917647058823529,0.917647058823529);
#1593=MANIFOLD_SOLID_BREP('case-bottom',#1584);
#1594=SHAPE_DEFINITION_REPRESENTATION(#2638,#1595);
#1595=SHAPE_REPRESENTATION('case-bottom',(#1596),#2633);
#1596=AXIS2_PLACEMENT_3D('',#2145,#1723,#1724);
#1597=AXIS2_PLACEMENT_3D('',#2146,#1725,#1726);
#1598=AXIS2_PLACEMENT_3D('',#2155,#1731,#1732);
#1599=AXIS2_PLACEMENT_3D('',#2164,#1737,#1738);
#1600=AXIS2_PLACEMENT_3D('',#2184,#1748,#1749);
#1601=AXIS2_PLACEMENT_3D('',#2188,#1751,#1752);
#1602=AXIS2_PLACEMENT_3D('',#2193,#1755,#1756);
#1603=AXIS2_PLACEMENT_3D('',#2194,#1757,#1758);
#1604=AXIS2_PLACEMENT_3D('',#2207,#1764,#1765);
#1605=AXIS2_PLACEMENT_3D('',#2211,#1767,#1768);
#1606=AXIS2_PLACEMENT_3D('',#2215,#1770,#1771);
#1607=AXIS2_PLACEMENT_3D('',#2220,#1775,#1776);
#1608=AXIS2_PLACEMENT_3D('',#2226,#1779,#1780);
#1609=AXIS2_PLACEMENT_3D('',#2231,#1783,#1784);
#1610=AXIS2_PLACEMENT_3D('',#2287,#1814,#1815);
#1611=AXIS2_PLACEMENT_3D('',#2291,#1818,#1819);
#1612=AXIS2_PLACEMENT_3D('',#2295,#1822,#1823);
#1613=AXIS2_PLACEMENT_3D('',#2296,#1824,#1825);
#1614=AXIS2_PLACEMENT_3D('',#2299,#1827,#1828);
#1615=AXIS2_PLACEMENT_3D('',#2303,#1831,#1832);
#1616=AXIS2_PLACEMENT_3D('',#2304,#1833,#1834);
#1617=AXIS2_PLACEMENT_3D('',#2305,#1835,#1836);
#1618=AXIS2_PLACEMENT_3D('',#2309,#1838,#1839);
#1619=AXIS2_PLACEMENT_3D('',#2313,#1841,#1842);
#1620=AXIS2_PLACEMENT_3D('',#2314,#1843,#1844);
#1621=AXIS2_PLACEMENT_3D('',#2318,#1846,#1847);
#1622=AXIS2_PLACEMENT_3D('',#2322,#1849,#1850);
#1623=AXIS2_PLACEMENT_3D('',#2323,#1851,#1852);
#1624=AXIS2_PLACEMENT_3D('',#2327,#1854,#1855);
#1625=AXIS2_PLACEMENT_3D('',#2331,#1857,#1858);
#1626=AXIS2_PLACEMENT_3D('',#2332,#1859,#1860);
#1627=AXIS2_PLACEMENT_3D('',#2336,#1862,#1863);
#1628=AXIS2_PLACEMENT_3D('',#2340,#1865,#1866);
#1629=AXIS2_PLACEMENT_3D('',#2341,#1867,#1868);
#1630=AXIS2_PLACEMENT_3D('',#2342,#1869,#1870);
#1631=AXIS2_PLACEMENT_3D('',#2344,#1871,#1872);
#1632=AXIS2_PLACEMENT_3D('',#2346,#1873,#1874);
#1633=AXIS2_PLACEMENT_3D('',#2347,#1875,#1876);
#1634=AXIS2_PLACEMENT_3D('',#2349,#1877,#1878);
#1635=AXIS2_PLACEMENT_3D('',#2351,#1879,#1880);
#1636=AXIS2_PLACEMENT_3D('',#2352,#1881,#1882);
#1637=AXIS2_PLACEMENT_3D('',#2354,#1883,#1884);
#1638=AXIS2_PLACEMENT_3D('',#2356,#1885,#1886);
#1639=AXIS2_PLACEMENT_3D('',#2357,#1887,#1888);
#1640=AXIS2_PLACEMENT_3D('',#2359,#1889,#1890);
#1641=AXIS2_PLACEMENT_3D('',#2361,#1891,#1892);
#1642=AXIS2_PLACEMENT_3D('',#2367,#1896,#1897);
#1643=AXIS2_PLACEMENT_3D('',#2373,#1901,#1902);
#1644=AXIS2_PLACEMENT_3D('',#2379,#1906,#1907);
#1645=AXIS2_PLACEMENT_3D('',#2388,#1912,#1913);
#1646=AXIS2_PLACEMENT_3D('',#2391,#1916,#1917);
#1647=AXIS2_PLACEMENT_3D('',#2397,#1921,#1922);
#1648=AXIS2_PLACEMENT_3D('',#2398,#1923,#1924);
#1649=AXIS2_PLACEMENT_3D('',#2403,#1927,#1928);
#1650=AXIS2_PLACEMENT_3D('',#2407,#1931,#1932);
#1651=AXIS2_PLACEMENT_3D('',#2409,#1934,#1935);
#1652=AXIS2_PLACEMENT_3D('',#2412,#1938,#1939);
#1653=AXIS2_PLACEMENT_3D('',#2415,#1942,#1943);
#1654=AXIS2_PLACEMENT_3D('',#2428,#1948,#1949);
#1655=AXIS2_PLACEMENT_3D('',#2434,#1953,#1954);
#1656=AXIS2_PLACEMENT_3D('',#2445,#1958,#1959);
#1657=AXIS2_PLACEMENT_3D('',#2458,#1964,#1965);
#1658=AXIS2_PLACEMENT_3D('',#2471,#1970,#1971);
#1659=AXIS2_PLACEMENT_3D('',#2475,#1974,#1975);
#1660=AXIS2_PLACEMENT_3D('',#2488,#1980,#1981);
#1661=AXIS2_PLACEMENT_3D('',#2494,#1985,#1986);
#1662=AXIS2_PLACEMENT_3D('',#2505,#1990,#1991);
#1663=AXIS2_PLACEMENT_3D('',#2518,#1996,#1997);
#1664=AXIS2_PLACEMENT_3D('',#2524,#2001,#2002);
#1665=AXIS2_PLACEMENT_3D('',#2535,#2006,#2007);
#1666=AXIS2_PLACEMENT_3D('',#2537,#2009,#2010);
#1667=AXIS2_PLACEMENT_3D('',#2538,#2011,#2012);
#1668=AXIS2_PLACEMENT_3D('',#2540,#2014,#2015);
#1669=AXIS2_PLACEMENT_3D('',#2541,#2016,#2017);
#1670=AXIS2_PLACEMENT_3D('',#2543,#2019,#2020);
#1671=AXIS2_PLACEMENT_3D('',#2544,#2021,#2022);
#1672=AXIS2_PLACEMENT_3D('',#2546,#2024,#2025);
#1673=AXIS2_PLACEMENT_3D('',#2547,#2026,#2027);
#1674=AXIS2_PLACEMENT_3D('',#2548,#2028,#2029);
#1675=AXIS2_PLACEMENT_3D('',#2549,#2030,#2031);
#1676=AXIS2_PLACEMENT_3D('',#2550,#2032,#2033);
#1677=AXIS2_PLACEMENT_3D('',#2551,#2034,#2035);
#1678=AXIS2_PLACEMENT_3D('',#2552,#2036,#2037);
#1679=AXIS2_PLACEMENT_3D('',#2553,#2038,#2039);
#1680=AXIS2_PLACEMENT_3D('',#2555,#2040,#2041);
#1681=AXIS2_PLACEMENT_3D('',#2557,#2042,#2043);
#1682=AXIS2_PLACEMENT_3D('',#2559,#2044,#2045);
#1683=AXIS2_PLACEMENT_3D('',#2561,#2046,#2047);
#1684=AXIS2_PLACEMENT_3D('',#2562,#2048,#2049);
#1685=AXIS2_PLACEMENT_3D('',#2564,#2050,#2051);
#1686=AXIS2_PLACEMENT_3D('',#2565,#2052,#2053);
#1687=AXIS2_PLACEMENT_3D('',#2567,#2054,#2055);
#1688=AXIS2_PLACEMENT_3D('',#2568,#2056,#2057);
#1689=AXIS2_PLACEMENT_3D('',#2570,#2058,#2059);
#1690=AXIS2_PLACEMENT_3D('',#2571,#2060,#2061);
#1691=AXIS2_PLACEMENT_3D('',#2573,#2062,#2063);
#1692=AXIS2_PLACEMENT_3D('',#2574,#2064,#2065);
#1693=AXIS2_PLACEMENT_3D('',#2575,#2066,#2067);
#1694=AXIS2_PLACEMENT_3D('',#2576,#2068,#2069);
#1695=AXIS2_PLACEMENT_3D('',#2577,#2070,#2071);
#1696=AXIS2_PLACEMENT_3D('',#2578,#2072,#2073);
#1697=AXIS2_PLACEMENT_3D('',#2579,#2074,#2075);
#1698=AXIS2_PLACEMENT_3D('',#2580,#2076,#2077);
#1699=AXIS2_PLACEMENT_3D('',#2581,#2078,#2079);
#1700=AXIS2_PLACEMENT_3D('',#2582,#2080,#2081);
#1701=AXIS2_PLACEMENT_3D('',#2583,#2082,#2083);
#1702=AXIS2_PLACEMENT_3D('',#2584,#2084,#2085);
#1703=AXIS2_PLACEMENT_3D('',#2585,#2086,#2087);
#1704=AXIS2_PLACEMENT_3D('',#2586,#2088,#2089);
#1705=AXIS2_PLACEMENT_3D('',#2587,#2090,#2091);
#1706=AXIS2_PLACEMENT_3D('',#2588,#2092,#2093);
#1707=AXIS2_PLACEMENT_3D('',#2589,#2094,#2095);
#1708=AXIS2_PLACEMENT_3D('',#2594,#2099,#2100);
#1709=AXIS2_PLACEMENT_3D('',#2595,#2101,#2102);
#1710=AXIS2_PLACEMENT_3D('',#2599,#2104,#2105);
#1711=AXIS2_PLACEMENT_3D('',#2602,#2107,#2108);
#1712=AXIS2_PLACEMENT_3D('',#2605,#2111,#2112);
#1713=AXIS2_PLACEMENT_3D('',#2606,#2113,#2114);
#1714=AXIS2_PLACEMENT_3D('',#2607,#2115,#2116);
#1715=AXIS2_PLACEMENT_3D('',#2609,#2118,#2119);
#1716=AXIS2_PLACEMENT_3D('',#2611,#2121,#2122);
#1717=AXIS2_PLACEMENT_3D('',#2612,#2123,#2124);
#1718=AXIS2_PLACEMENT_3D('',#2619,#2129,#2130);
#1719=AXIS2_PLACEMENT_3D('',#2626,#2135,#2136);
#1720=AXIS2_PLACEMENT_3D('',#2628,#2138,#2139);
#1721=AXIS2_PLACEMENT_3D('',#2629,#2140,#2141);
#1722=AXIS2_PLACEMENT_3D('',#2631,#2143,#2144);
#1723=DIRECTION('',(0.,0.,1.));
#1724=DIRECTION('',(1.,0.,0.));
#1725=DIRECTION('',(1.,-3.85432370860688E-48,0.));
#1726=DIRECTION('',(3.85432370860688E-48,1.,0.));
#1727=DIRECTION('',(1.15611193750585E-79,2.999519565324E-32,1.));
#1728=DIRECTION('',(-3.85432370860688E-48,-1.,2.999519565324E-32));
#1729=DIRECTION('',(1.15611193750585E-79,2.999519565324E-32,1.));
#1730=DIRECTION('',(-3.85432370860688E-48,-1.,2.999519565324E-32));
#1731=DIRECTION('',(1.,-3.85432370860688E-48,0.));
#1732=DIRECTION('',(3.85432370860688E-48,1.,0.));
#1733=DIRECTION('',(-3.85432370860688E-48,-1.,2.999519565324E-32));
#1734=DIRECTION('',(1.15611193750585E-79,2.999519565324E-32,1.));
#1735=DIRECTION('',(-3.85432370860688E-48,-1.,2.999519565324E-32));
#1736=DIRECTION('',(1.15611193750585E-79,2.999519565324E-32,1.));
#1737=DIRECTION('',(3.3787902640385E-48,1.,-2.999519565324E-32));
#1738=DIRECTION('',(0.,2.999519565324E-32,1.));
#1739=DIRECTION('',(1.,-3.3787902640385E-48,1.01347475041097E-79));
#1740=DIRECTION('',(1.15611193750585E-79,2.999519565324E-32,1.));
#1741=DIRECTION('',(1.,2.09718016388594E-49,1.19636101791504E-16));
#1742=DIRECTION('',(-1.15611193750585E-79,-2.999519565324E-32,-1.));
#1743=DIRECTION('',(0.,0.,-1.));
#1744=DIRECTION('',(1.,2.94561770614337E-49,1.224646799147E-16));
#1745=DIRECTION('',(0.,0.,-1.));
#1746=DIRECTION('',(1.,2.94561770614337E-49,1.224646799147E-16));
#1747=DIRECTION('',(1.15611193750585E-79,2.999519565324E-32,1.));
#1748=DIRECTION('',(3.3787902640385E-48,1.,-2.999519565324E-32));
#1749=DIRECTION('',(0.,2.999519565324E-32,1.));
#1750=DIRECTION('',(-1.,1.14585061128262E-47,2.69366999375281E-16));
#1751=DIRECTION('',(3.3787902640385E-48,1.,-2.999519565324E-32));
#1752=DIRECTION('',(0.,2.999519565324E-32,1.));
#1753=DIRECTION('',(-1.15611193750585E-79,-2.999519565324E-32,-1.));
#1754=DIRECTION('',(1.,2.94561770614337E-49,1.224646799147E-16));
#1755=DIRECTION('',(-3.85432370860688E-48,-1.,2.999519565324E-32));
#1756=DIRECTION('',(0.,-2.999519565324E-32,-1.));
#1757=DIRECTION('',(-3.85432370860688E-48,-1.,2.999519565324E-32));
#1758=DIRECTION('',(0.,-2.999519565324E-32,-1.));
#1759=DIRECTION('',(-1.,1.80971673954044E-49,-1.224646799147E-16));
#1760=DIRECTION('',(1.224646799147E-16,-2.999519565324E-32,-1.));
#1761=DIRECTION('',(-1.,1.80971673954044E-49,-1.224646799147E-16));
#1762=DIRECTION('',(1.224646799147E-16,-2.999519565324E-32,-1.));
#1763=DIRECTION('',(-1.,1.80971673954044E-49,-1.224646799147E-16));
#1764=DIRECTION('',(-3.85432370860688E-48,-1.,2.999519565324E-32));
#1765=DIRECTION('',(0.,-2.999519565324E-32,-1.));
#1766=DIRECTION('',(1.15611193750585E-79,2.999519565324E-32,1.));
#1767=DIRECTION('',(-3.85432370860688E-48,-1.,2.999519565324E-32));
#1768=DIRECTION('',(0.,-2.999519565324E-32,-1.));
#1769=DIRECTION('',(1.,-1.19340395573946E-47,-2.69366999375281E-16));
#1770=DIRECTION('',(-3.85432370860688E-48,-1.,2.999519565324E-32));
#1771=DIRECTION('',(0.,-2.999519565324E-32,-1.));
#1772=DIRECTION('',(-1.15611193750585E-79,-2.999519565324E-32,-1.));
#1773=DIRECTION('',(-1.,2.65815428179787E-49,-1.19636101791504E-16));
#1774=DIRECTION('',(-1.,3.85432370860688E-48,-1.15611193750585E-79));
#1775=DIRECTION('',(3.60887182047996E-48,1.,-2.999519565324E-32));
#1776=DIRECTION('',(0.,2.999519565324E-32,1.));
#1777=DIRECTION('',(1.,6.44802141728759E-50,1.224646799147E-16));
#1778=DIRECTION('',(-1.15611193750585E-79,-2.999519565324E-32,-1.));
#1779=DIRECTION('',(3.60887182047996E-48,1.,-2.999519565324E-32));
#1780=DIRECTION('',(0.,2.999519565324E-32,1.));
#1781=DIRECTION('',(1.,6.44802141728759E-50,1.224646799147E-16));
#1782=DIRECTION('',(1.224646799147E-16,-2.999519565324E-32,-1.));
#1783=DIRECTION('',(-1.224646799147E-16,2.999519565324E-32,1.));
#1784=DIRECTION('',(1.,3.67335203465283E-48,1.224646799147E-16));
#1785=DIRECTION('',(3.85432370860688E-48,1.,-2.999519565324E-32));
#1786=DIRECTION('',(-3.67335203465283E-48,-1.,2.999519565324E-32));
#1787=DIRECTION('',(-1.,-6.44802141728759E-50,-1.224646799147E-16));
#1788=DIRECTION('',(3.67335203465283E-48,1.,-2.999519565324E-32));
#1789=DIRECTION('',(1.,6.44802141728759E-50,1.224646799147E-16));
#1790=DIRECTION('',(-3.85432370860688E-48,-1.,2.999519565324E-32));
#1791=DIRECTION('',(1.,-1.80971673954044E-49,1.224646799147E-16));
#1792=DIRECTION('',(-3.85432370860688E-48,-1.,2.999519565324E-32));
#1793=DIRECTION('',(0.,-1.,2.999519565324E-32));
#1794=DIRECTION('',(-1.,4.45734982378889E-17,-1.224646799147E-16));
#1795=DIRECTION('',(1.09173583887703E-32,-1.,2.999519565324E-32));
#1796=DIRECTION('',(-1.,0.,-1.224646799147E-16));
#1797=DIRECTION('',(3.67335203465283E-48,1.,-2.999519565324E-32));
#1798=DIRECTION('',(1.,0.,1.224646799147E-16));
#1799=DIRECTION('',(1.09173583887703E-32,-1.,2.999519565324E-32));
#1800=DIRECTION('',(1.,4.45734982378889E-17,1.224646799147E-16));
#1801=DIRECTION('',(0.,-1.,2.999519565324E-32));
#1802=DIRECTION('',(-1.,-2.94561770614337E-49,-1.224646799147E-16));
#1803=DIRECTION('',(-0.016854307227292,0.999857956075706,-2.06405733977436E-18));
#1804=DIRECTION('',(1.,4.45734982378889E-17,1.224646799147E-16));
#1805=DIRECTION('',(1.09173583887703E-32,1.,-2.999519565324E-32));
#1806=DIRECTION('',(0.999937035101697,-0.0112216679699774,1.22456968938583E-16));
#1807=DIRECTION('',(-3.67335203465283E-48,-1.,2.999519565324E-32));
#1808=DIRECTION('',(-1.,0.,-1.224646799147E-16));
#1809=DIRECTION('',(1.09173583887703E-32,1.,-2.999519565324E-32));
#1810=DIRECTION('',(-1.,4.45734982378889E-17,-1.224646799147E-16));
#1811=DIRECTION('',(0.,1.,-2.999519565324E-32));
#1812=DIRECTION('',(3.85432370860688E-48,1.,-2.999519565324E-32));
#1813=DIRECTION('',(1.,-1.80971673954044E-49,1.224646799147E-16));
#1814=DIRECTION('',(1.,-3.85432370860688E-48,0.));
#1815=DIRECTION('',(3.85432370860688E-48,1.,0.));
#1816=DIRECTION('',(-3.85432370860688E-48,-1.,2.999519565324E-32));
#1817=DIRECTION('',(-1.15611193750585E-79,-2.999519565324E-32,-1.));
#1818=DIRECTION('',(-1.,3.85432370860688E-48,0.));
#1819=DIRECTION('',(-3.85432370860688E-48,-1.,0.));
#1820=DIRECTION('',(1.15611193750585E-79,2.999519565324E-32,1.));
#1821=DIRECTION('',(-3.85432370860688E-48,-1.,2.999519565324E-32));
#1822=DIRECTION('',(-3.85432370860688E-48,-1.,2.999519565324E-32));
#1823=DIRECTION('',(0.,-2.999519565324E-32,-1.));
#1824=DIRECTION('',(-3.85432370860688E-48,-1.,2.999519565324E-32));
#1825=DIRECTION('',(0.,-2.999519565324E-32,-1.));
#1826=DIRECTION('',(-3.85432370860688E-48,-1.,2.999519565324E-32));
#1827=DIRECTION('',(-2.69366999375281E-16,-2.999519565324E-32,-1.));
#1828=DIRECTION('',(-1.,0.,2.69366999375281E-16));
#1829=DIRECTION('',(-1.,1.19340395573946E-47,2.69366999375281E-16));
#1830=DIRECTION('',(-3.85432370860688E-48,-1.,2.999519565324E-32));
#1831=DIRECTION('',(-3.85432370860688E-48,-1.,2.999519565324E-32));
#1832=DIRECTION('',(0.,-2.999519565324E-32,-1.));
#1833=DIRECTION('',(-3.85432370860688E-48,-1.,2.999519565324E-32));
#1834=DIRECTION('',(0.,-2.999519565324E-32,-1.));
#1835=DIRECTION('',(0.,0.,-1.));
#1836=DIRECTION('',(-1.,0.,0.));
#1837=DIRECTION('',(0.,0.,-1.));
#1838=DIRECTION('',(0.,0.,1.));
#1839=DIRECTION('',(1.,0.,0.));
#1840=DIRECTION('',(0.,0.,-1.));
#1841=DIRECTION('',(0.,0.,1.));
#1842=DIRECTION('',(1.,0.,0.));
#1843=DIRECTION('',(0.,0.,-1.));
#1844=DIRECTION('',(-1.,0.,0.));
#1845=DIRECTION('',(0.,0.,-1.));
#1846=DIRECTION('',(0.,0.,1.));
#1847=DIRECTION('',(1.,0.,0.));
#1848=DIRECTION('',(0.,0.,-1.));
#1849=DIRECTION('',(0.,0.,1.));
#1850=DIRECTION('',(1.,0.,0.));
#1851=DIRECTION('',(0.,0.,-1.));
#1852=DIRECTION('',(-1.,0.,0.));
#1853=DIRECTION('',(0.,0.,-1.));
#1854=DIRECTION('',(0.,0.,1.));
#1855=DIRECTION('',(1.,0.,0.));
#1856=DIRECTION('',(0.,0.,-1.));
#1857=DIRECTION('',(0.,0.,1.));
#1858=DIRECTION('',(1.,0.,0.));
#1859=DIRECTION('',(0.,0.,-1.));
#1860=DIRECTION('',(-1.,0.,0.));
#1861=DIRECTION('',(0.,0.,-1.));
#1862=DIRECTION('',(0.,0.,1.));
#1863=DIRECTION('',(1.,0.,0.));
#1864=DIRECTION('',(0.,0.,-1.));
#1865=DIRECTION('',(0.,0.,1.));
#1866=DIRECTION('',(1.,0.,0.));
#1867=DIRECTION('',(0.,0.,-1.));
#1868=DIRECTION('',(-1.,0.,0.));
#1869=DIRECTION('',(0.,0.,1.));
#1870=DIRECTION('',(1.,0.,0.));
#1871=DIRECTION('',(0.,0.,1.));
#1872=DIRECTION('',(1.,0.,0.));
#1873=DIRECTION('',(0.,0.,-1.));
#1874=DIRECTION('',(-1.,0.,0.));
#1875=DIRECTION('',(0.,0.,1.));
#1876=DIRECTION('',(1.,0.,0.));
#1877=DIRECTION('',(0.,0.,1.));
#1878=DIRECTION('',(1.,0.,0.));
#1879=DIRECTION('',(0.,0.,-1.));
#1880=DIRECTION('',(-1.,0.,0.));
#1881=DIRECTION('',(0.,0.,1.));
#1882=DIRECTION('',(1.,0.,0.));
#1883=DIRECTION('',(0.,0.,1.));
#1884=DIRECTION('',(1.,0.,0.));
#1885=DIRECTION('',(0.,0.,-1.));
#1886=DIRECTION('',(-1.,0.,0.));
#1887=DIRECTION('',(0.,0.,1.));
#1888=DIRECTION('',(1.,0.,0.));
#1889=DIRECTION('',(0.,0.,1.));
#1890=DIRECTION('',(1.,0.,0.));
#1891=DIRECTION('',(-1.,4.31616715716355E-64,-1.224646799147E-16));
#1892=DIRECTION('',(-1.224646799147E-16,0.,1.));
#1893=DIRECTION('',(3.67335203465283E-48,1.,-2.999519565324E-32));
#1894=DIRECTION('',(0.,0.,-1.));
#1895=DIRECTION('',(0.,0.,-1.));
#1896=DIRECTION('',(1.,-4.31616715716355E-64,1.224646799147E-16));
#1897=DIRECTION('',(1.224646799147E-16,0.,-1.));
#1898=DIRECTION('',(-3.67335203465283E-48,-1.,2.999519565324E-32));
#1899=DIRECTION('',(0.,0.,-1.));
#1900=DIRECTION('',(0.,0.,-1.));
#1901=DIRECTION('',(-3.3787902640385E-48,-1.,2.999519565324E-32));
#1902=DIRECTION('',(0.,-2.999519565324E-32,-1.));
#1903=DIRECTION('',(0.,0.,-1.));
#1904=DIRECTION('',(-1.,-2.94561770614337E-49,-1.224646799147E-16));
#1905=DIRECTION('',(0.,0.,-1.));
#1906=DIRECTION('',(3.85432370860688E-48,1.,-2.999519565324E-32));
#1907=DIRECTION('',(0.,2.999519565324E-32,1.));
#1908=DIRECTION('',(1.,-1.80971673954044E-49,1.224646799147E-16));
#1909=DIRECTION('',(1.224646799147E-16,-2.999519565324E-32,-1.));
#1910=DIRECTION('',(1.,-1.80971673954044E-49,1.224646799147E-16));
#1911=DIRECTION('',(1.224646799147E-16,-2.999519565324E-32,-1.));
#1912=DIRECTION('',(-1.,0.,-1.224646799147E-16));
#1913=DIRECTION('',(-1.224646799147E-16,0.,1.));
#1914=DIRECTION('',(3.67335203465283E-48,1.,-2.999519565324E-32));
#1915=DIRECTION('',(3.67335203465283E-48,1.,-2.999519565324E-32));
#1916=DIRECTION('',(-1.,0.,-1.224646799147E-16));
#1917=DIRECTION('',(-1.224646799147E-16,0.,1.));
#1918=DIRECTION('',(3.67335203465283E-48,1.,-2.999519565324E-32));
#1919=DIRECTION('',(1.224646799147E-16,-2.999519565324E-32,-1.));
#1920=DIRECTION('',(1.224646799147E-16,-2.999519565324E-32,-1.));
#1921=DIRECTION('',(3.60887182047996E-48,1.,-2.999519565324E-32));
#1922=DIRECTION('',(0.,2.999519565324E-32,1.));
#1923=DIRECTION('',(3.60887182047996E-48,1.,-2.999519565324E-32));
#1924=DIRECTION('',(0.,2.999519565324E-32,1.));
#1925=DIRECTION('',(1.15611193750585E-79,2.999519565324E-32,1.));
#1926=DIRECTION('',(1.,6.44802141728759E-50,1.224646799147E-16));
#1927=DIRECTION('',(1.,0.,1.224646799147E-16));
#1928=DIRECTION('',(1.224646799147E-16,0.,-1.));
#1929=DIRECTION('',(-3.67335203465283E-48,-1.,2.999519565324E-32));
#1930=DIRECTION('',(1.224646799147E-16,-2.999519565324E-32,-1.));
#1931=DIRECTION('',(-3.60887182047996E-48,-1.,2.999519565324E-32));
#1932=DIRECTION('',(0.,-2.999519565324E-32,-1.));
#1933=DIRECTION('',(-1.,-6.44802141728759E-50,-1.224646799147E-16));
#1934=DIRECTION('',(1.,0.,1.224646799147E-16));
#1935=DIRECTION('',(1.224646799147E-16,0.,-1.));
#1936=DIRECTION('',(-3.67335203465283E-48,-1.,2.999519565324E-32));
#1937=DIRECTION('',(-3.67335203465283E-48,-1.,2.999519565324E-32));
#1938=DIRECTION('',(-1.224646799147E-16,2.999519565324E-32,1.));
#1939=DIRECTION('',(1.,3.67335203465283E-48,1.224646799147E-16));
#1940=DIRECTION('',(-3.85432370860688E-48,-1.,2.999519565324E-32));
#1941=DIRECTION('',(-3.85432370860688E-48,-1.,2.999519565324E-32));
#1942=DIRECTION('',(-0.999857956075706,-0.016854307227292,0.));
#1943=DIRECTION('',(0.016854307227292,-0.999857956075706,0.));
#1944=DIRECTION('',(-0.016854307227292,0.999857956075706,-2.06405733977436E-18));
#1945=DIRECTION('',(-1.224646799147E-16,2.999519565324E-32,1.));
#1946=DIRECTION('',(-0.016854307227292,0.999857956075706,0.));
#1947=DIRECTION('',(0.00576523568917009,-0.3420144592555,-0.939677003931466));
#1948=DIRECTION('',(0.,0.,1.));
#1949=DIRECTION('',(1.,0.,0.));
#1950=DIRECTION('',(-0.999937035101697,0.0112216679699774,0.));
#1951=DIRECTION('',(0.,1.,0.));
#1952=DIRECTION('',(1.,0.,0.));
#1953=DIRECTION('',(-0.0112216679699774,-0.999937035101697,0.));
#1954=DIRECTION('',(0.999937035101697,-0.0112216679699774,0.));
#1955=DIRECTION('',(-1.224646799147E-16,2.999519565324E-32,1.));
#1956=DIRECTION('',(-0.999937035101697,0.0112216679699774,-1.22456968938583E-16));
#1957=DIRECTION('',(-0.342017623968271,0.00383824989106656,0.939685698908349));
#1958=DIRECTION('',(1.,0.,0.));
#1959=DIRECTION('',(0.,0.,-1.));
#1960=DIRECTION('',(0.,-1.,2.999519565324E-32));
#1961=DIRECTION('',(-1.224646799147E-16,2.999519565324E-32,1.));
#1962=DIRECTION('',(0.,-1.,0.));
#1963=DIRECTION('',(0.,0.342020143325669,-0.939692620785908));
#1964=DIRECTION('',(0.,1.,0.));
#1965=DIRECTION('',(0.,0.,1.));
#1966=DIRECTION('',(-1.224646799147E-16,2.999519565324E-32,1.));
#1967=DIRECTION('',(1.,0.,1.224646799147E-16));
#1968=DIRECTION('',(0.342020143325669,0.,0.939692620785908));
#1969=DIRECTION('',(1.,0.,0.));
#1970=DIRECTION('',(0.,0.,1.));
#1971=DIRECTION('',(1.,0.,0.));
#1972=DIRECTION('',(0.,-1.,0.));
#1973=DIRECTION('',(-1.,0.,0.));
#1974=DIRECTION('',(0.,1.,0.));
#1975=DIRECTION('',(0.,0.,1.));
#1976=DIRECTION('',(1.,0.,1.224646799147E-16));
#1977=DIRECTION('',(-1.224646799147E-16,2.999519565324E-32,1.));
#1978=DIRECTION('',(1.,0.,0.));
#1979=DIRECTION('',(-0.342020143325669,0.,-0.939692620785908));
#1980=DIRECTION('',(0.,0.,1.));
#1981=DIRECTION('',(1.,0.,0.));
#1982=DIRECTION('',(0.,1.,0.));
#1983=DIRECTION('',(1.,0.,0.));
#1984=DIRECTION('',(0.,-1.,0.));
#1985=DIRECTION('',(-1.,0.,0.));
#1986=DIRECTION('',(0.,0.,1.));
#1987=DIRECTION('',(-1.224646799147E-16,2.999519565324E-32,1.));
#1988=DIRECTION('',(0.,1.,-2.999519565324E-32));
#1989=DIRECTION('',(0.,0.342020143325669,0.939692620785908));
#1990=DIRECTION('',(0.,-1.,0.));
#1991=DIRECTION('',(0.,0.,-1.));
#1992=DIRECTION('',(-1.,0.,-1.224646799147E-16));
#1993=DIRECTION('',(-1.224646799147E-16,2.999519565324E-32,1.));
#1994=DIRECTION('',(-1.,0.,0.));
#1995=DIRECTION('',(0.342020143325668,0.,-0.939692620785909));
#1996=DIRECTION('',(0.,0.,1.));
#1997=DIRECTION('',(1.,0.,0.));
#1998=DIRECTION('',(0.,-1.,0.));
#1999=DIRECTION('',(-1.,0.,0.));
#2000=DIRECTION('',(0.,1.,0.));
#2001=DIRECTION('',(1.,0.,0.));
#2002=DIRECTION('',(0.,0.,-1.));
#2003=DIRECTION('',(-1.224646799147E-16,2.999519565324E-32,1.));
#2004=DIRECTION('',(0.,-1.,2.999519565324E-32));
#2005=DIRECTION('',(0.,-0.342020143325669,0.939692620785908));
#2006=DIRECTION('',(0.,0.939692620785908,0.342020143325669));
#2007=DIRECTION('',(1.,0.,0.));
#2008=DIRECTION('',(0.323615577118185,-0.323615577118185,0.889126490715988));
#2009=DIRECTION('',(-0.939692620785908,0.,0.342020143325669));
#2010=DIRECTION('',(0.,1.,0.));
#2011=DIRECTION('',(0.939692620785909,0.,0.342020143325668));
#2012=DIRECTION('',(0.,-1.,0.));
#2013=DIRECTION('',(-0.323615577118184,-0.323615577118185,0.889126490715989));
#2014=DIRECTION('',(0.,0.939692620785908,0.342020143325669));
#2015=DIRECTION('',(1.,0.,0.));
#2016=DIRECTION('',(0.,-0.939692620785908,0.342020143325669));
#2017=DIRECTION('',(-1.,0.,0.));
#2018=DIRECTION('',(-0.323615577118184,0.323615577118185,0.889126490715989));
#2019=DIRECTION('',(0.939692620785909,0.,0.342020143325668));
#2020=DIRECTION('',(0.,-1.,0.));
#2021=DIRECTION('',(-0.939692620785908,0.,0.342020143325669));
#2022=DIRECTION('',(0.,1.,0.));
#2023=DIRECTION('',(0.323615577118185,0.323615577118185,0.889126490715988));
#2024=DIRECTION('',(0.,-0.939692620785908,0.342020143325669));
#2025=DIRECTION('',(-1.,0.,0.));
#2026=DIRECTION('',(-1.224646799147E-16,2.999519565324E-32,1.));
#2027=DIRECTION('',(1.,3.67335203465283E-48,1.224646799147E-16));
#2028=DIRECTION('',(-1.224646799147E-16,2.999519565324E-32,1.));
#2029=DIRECTION('',(1.,0.,1.224646799147E-16));
#2030=DIRECTION('',(-1.224646799147E-16,2.999519565324E-32,1.));
#2031=DIRECTION('',(1.,0.,1.224646799147E-16));
#2032=DIRECTION('',(-1.224646799147E-16,2.999519565324E-32,1.));
#2033=DIRECTION('',(1.,0.,1.224646799147E-16));
#2034=DIRECTION('',(-1.224646799147E-16,2.999519565324E-32,1.));
#2035=DIRECTION('',(1.,0.,1.224646799147E-16));
#2036=DIRECTION('',(-1.224646799147E-16,2.999519565324E-32,1.));
#2037=DIRECTION('',(1.,3.67335203465283E-48,1.224646799147E-16));
#2038=DIRECTION('',(-1.224646799147E-16,2.999519565324E-32,1.));
#2039=DIRECTION('',(1.,0.,1.224646799147E-16));
#2040=DIRECTION('',(-1.224646799147E-16,2.999519565324E-32,1.));
#2041=DIRECTION('',(1.,0.,1.224646799147E-16));
#2042=DIRECTION('',(-1.224646799147E-16,2.999519565324E-32,1.));
#2043=DIRECTION('',(1.,0.,1.224646799147E-16));
#2044=DIRECTION('',(-1.224646799147E-16,2.999519565324E-32,1.));
#2045=DIRECTION('',(1.,0.,1.224646799147E-16));
#2046=DIRECTION('',(-1.224646799147E-16,2.999519565324E-32,1.));
#2047=DIRECTION('',(1.,0.,1.224646799147E-16));
#2048=DIRECTION('',(-1.224646799147E-16,2.999519565324E-32,1.));
#2049=DIRECTION('',(1.,0.,1.224646799147E-16));
#2050=DIRECTION('',(-1.224646799147E-16,2.999519565324E-32,1.));
#2051=DIRECTION('',(1.,0.,1.224646799147E-16));
#2052=DIRECTION('',(-1.224646799147E-16,2.999519565324E-32,1.));
#2053=DIRECTION('',(1.,0.,1.224646799147E-16));
#2054=DIRECTION('',(-1.224646799147E-16,2.999519565324E-32,1.));
#2055=DIRECTION('',(1.,0.,1.224646799147E-16));
#2056=DIRECTION('',(-1.224646799147E-16,2.999519565324E-32,1.));
#2057=DIRECTION('',(1.,0.,1.224646799147E-16));
#2058=DIRECTION('',(-1.224646799147E-16,2.999519565324E-32,1.));
#2059=DIRECTION('',(1.,0.,1.224646799147E-16));
#2060=DIRECTION('',(-1.224646799147E-16,2.999519565324E-32,1.));
#2061=DIRECTION('',(1.,0.,1.224646799147E-16));
#2062=DIRECTION('',(-1.224646799147E-16,2.999519565324E-32,1.));
#2063=DIRECTION('',(1.,0.,1.224646799147E-16));
#2064=DIRECTION('',(0.,0.,1.));
#2065=DIRECTION('',(1.,0.,0.));
#2066=DIRECTION('',(-1.224646799147E-16,2.999519565324E-32,1.));
#2067=DIRECTION('',(1.,0.,1.224646799147E-16));
#2068=DIRECTION('',(0.,0.,1.));
#2069=DIRECTION('',(1.,0.,0.));
#2070=DIRECTION('',(-1.224646799147E-16,2.999519565324E-32,1.));
#2071=DIRECTION('',(1.,0.,1.224646799147E-16));
#2072=DIRECTION('',(0.,0.,1.));
#2073=DIRECTION('',(1.,0.,0.));
#2074=DIRECTION('',(-1.224646799147E-16,2.999519565324E-32,1.));
#2075=DIRECTION('',(1.,0.,1.224646799147E-16));
#2076=DIRECTION('',(0.,0.,1.));
#2077=DIRECTION('',(1.,0.,0.));
#2078=DIRECTION('',(0.,0.,1.));
#2079=DIRECTION('',(1.,0.,0.));
#2080=DIRECTION('',(0.,0.,1.));
#2081=DIRECTION('',(1.,0.,0.));
#2082=DIRECTION('',(0.,0.,1.));
#2083=DIRECTION('',(1.,0.,0.));
#2084=DIRECTION('',(0.,0.,1.));
#2085=DIRECTION('',(1.,0.,0.));
#2086=DIRECTION('',(0.,0.,1.));
#2087=DIRECTION('',(1.,0.,0.));
#2088=DIRECTION('',(0.,0.,1.));
#2089=DIRECTION('',(1.,0.,0.));
#2090=DIRECTION('',(0.,0.,1.));
#2091=DIRECTION('',(1.,0.,0.));
#2092=DIRECTION('',(0.,0.,1.));
#2093=DIRECTION('',(1.,0.,0.));
#2094=DIRECTION('',(-1.,3.85432370860688E-48,1.46302386084131E-95));
#2095=DIRECTION('',(-3.85432370860688E-48,-1.,0.));
#2096=DIRECTION('',(-3.85432370860688E-48,-1.,2.999519565324E-32));
#2097=DIRECTION('',(-3.85432370860688E-48,-1.,2.999519565324E-32));
#2098=DIRECTION('',(-1.15611193750585E-79,-2.999519565324E-32,-1.));
#2099=DIRECTION('',(-3.85432370860688E-48,-1.,2.999519565324E-32));
#2100=DIRECTION('',(1.,-3.85432370860688E-48,1.15611193750585E-79));
#2101=DIRECTION('',(-3.85432370860688E-48,-1.,2.999519565324E-32));
#2102=DIRECTION('',(0.,-2.999519565324E-32,-1.));
#2103=DIRECTION('',(1.,-1.19340395573946E-47,-2.69366999375281E-16));
#2104=DIRECTION('',(-3.85432370860688E-48,-1.,2.999519565324E-32));
#2105=DIRECTION('',(0.,-2.999519565324E-32,-1.));
#2106=DIRECTION('',(1.15611193750585E-79,2.999519565324E-32,1.));
#2107=DIRECTION('',(1.,-3.85432370860688E-48,-1.46302386084131E-95));
#2108=DIRECTION('',(3.85432370860688E-48,1.,0.));
#2109=DIRECTION('',(-3.85432370860688E-48,-1.,2.999519565324E-32));
#2110=DIRECTION('',(-3.85432370860688E-48,-1.,2.999519565324E-32));
#2111=DIRECTION('',(-3.85432370860688E-48,-1.,2.999519565324E-32));
#2112=DIRECTION('',(0.,-2.999519565324E-32,-1.));
#2113=DIRECTION('',(-3.85432370860688E-48,-1.,2.999519565324E-32));
#2114=DIRECTION('',(0.,-2.999519565324E-32,-1.));
#2115=DIRECTION('',(-3.85432370860688E-48,-1.,2.999519565324E-32));
#2116=DIRECTION('',(0.,-2.999519565324E-32,-1.));
#2117=DIRECTION('',(-3.85432370860688E-48,-1.,2.999519565324E-32));
#2118=DIRECTION('',(-2.69366999375281E-16,-2.999519565324E-32,-1.));
#2119=DIRECTION('',(-1.,0.,2.69366999375281E-16));
#2120=DIRECTION('',(-3.85432370860688E-48,-1.,2.999519565324E-32));
#2121=DIRECTION('',(-3.85432370860688E-48,-1.,2.999519565324E-32));
#2122=DIRECTION('',(0.,-2.999519565324E-32,-1.));
#2123=DIRECTION('',(-1.19636101791504E-16,2.999519565324E-32,1.));
#2124=DIRECTION('',(1.,0.,1.19636101791504E-16));
#2125=DIRECTION('',(-3.85432370860688E-48,-1.,2.999519565324E-32));
#2126=DIRECTION('',(-1.,3.85432370860688E-48,-1.15611193750585E-79));
#2127=DIRECTION('',(1.,-3.85432370860688E-48,1.15611193750585E-79));
#2128=DIRECTION('',(-3.85432370860688E-48,-1.,2.999519565324E-32));
#2129=DIRECTION('',(0.,2.999519565324E-32,1.));
#2130=DIRECTION('',(0.,-1.,2.999519565324E-32));
#2131=DIRECTION('',(-3.85432370860688E-48,-1.,2.999519565324E-32));
#2132=DIRECTION('',(1.,-3.85432370860688E-48,1.15611193750585E-79));
#2133=DIRECTION('',(-1.,3.85432370860688E-48,-1.15611193750585E-79));
#2134=DIRECTION('',(-3.85432370860688E-48,-1.,2.999519565324E-32));
#2135=DIRECTION('',(1.,-3.85432370860688E-48,0.));
#2136=DIRECTION('',(3.85432370860688E-48,1.,0.));
#2137=DIRECTION('',(1.15611193750585E-79,2.999519565324E-32,1.));
#2138=DIRECTION('',(-3.85432370860688E-48,-1.,2.999519565324E-32));
#2139=DIRECTION('',(1.,-3.85432370860688E-48,1.15611193750585E-79));
#2140=DIRECTION('',(-1.,3.85432370860688E-48,0.));
#2141=DIRECTION('',(-3.85432370860688E-48,-1.,0.));
#2142=DIRECTION('',(-1.15611193750585E-79,-2.999519565324E-32,-1.));
#2143=DIRECTION('',(-3.85432370860688E-48,-1.,2.999519565324E-32));
#2144=DIRECTION('',(1.,-3.85432370860688E-48,1.15611193750585E-79));
#2145=CARTESIAN_POINT('',(0.,0.,0.));
#2146=CARTESIAN_POINT('',(0.075958899955412,-0.038,0.016305000014901));
#2147=CARTESIAN_POINT('',(0.075958899955412,-0.0618,0.016305000014901));
#2148=CARTESIAN_POINT('',(0.075958899955412,-0.0618,0.011805000014901));
#2149=CARTESIAN_POINT('',(0.075958899955412,-0.0618,0.020805000014901));
#2150=CARTESIAN_POINT('',(0.075958899955412,-0.038,0.011805000014901));
#2151=CARTESIAN_POINT('',(0.075958899955412,-0.063,0.011805000014901));
#2152=CARTESIAN_POINT('',(0.075958899955412,-0.063,0.016305000014901));
#2153=CARTESIAN_POINT('',(0.075958899955412,-0.063,0.020805000014901));
#2154=CARTESIAN_POINT('',(0.075958899955412,-0.038,0.020805000014901));
#2155=CARTESIAN_POINT('',(0.061458899955412,-0.038,0.016305000014901));
#2156=CARTESIAN_POINT('',(0.061458899955412,-0.038,0.011805000014901));
#2157=CARTESIAN_POINT('',(0.061458899955412,-0.0618,0.011805000014901));
#2158=CARTESIAN_POINT('',(0.061458899955412,-0.063,0.011805000014901));
#2159=CARTESIAN_POINT('',(0.061458899955412,-0.0618,0.016305000014901));
#2160=CARTESIAN_POINT('',(0.061458899955412,-0.0618,0.020805000014901));
#2161=CARTESIAN_POINT('',(0.061458899955412,-0.038,0.020805000014901));
#2162=CARTESIAN_POINT('',(0.061458899955412,-0.063,0.020805000014901));
#2163=CARTESIAN_POINT('',(0.061458899955412,-0.063,0.016305000014901));
#2164=CARTESIAN_POINT('',(0.0575,-0.061,0.026205));
#2165=CARTESIAN_POINT('',(0.0575,-0.061,0.020805000014901));
#2166=CARTESIAN_POINT('',(0.059958899955412,-0.061,0.020805000014901));
#2167=CARTESIAN_POINT('',(0.077458899955412,-0.061,0.020805000014901));
#2168=CARTESIAN_POINT('',(0.059958899955412,-0.061,0.026205));
#2169=CARTESIAN_POINT('',(0.059958899955412,-0.061,0.011805000014901));
#2170=CARTESIAN_POINT('',(0.0575,-0.061,0.011805000014901));
#2171=CARTESIAN_POINT('',(0.077458899955412,-0.061,0.011805000014901));
#2172=CARTESIAN_POINT('',(0.077458899955412,-0.061,0.026205));
#2173=CARTESIAN_POINT('',(0.02585,-0.061,0.026207));
#2174=CARTESIAN_POINT('',(0.02585,-0.061,0.026205));
#2175=CARTESIAN_POINT('',(0.02585,-0.061,0.004205));
#2176=CARTESIAN_POINT('',(0.0575,-0.061,0.026205));
#2177=CARTESIAN_POINT('',(0.08915,-0.061,0.026205));
#2178=CARTESIAN_POINT('',(0.08915,-0.061,0.026207));
#2179=CARTESIAN_POINT('',(0.08915,-0.061,0.004205));
#2180=CARTESIAN_POINT('',(0.0575,-0.061,0.004205));
#2181=CARTESIAN_POINT('',(0.073678899955412,-0.061,0.004205));
#2182=CARTESIAN_POINT('',(0.073678899955412,-0.061,0.026205));
#2183=CARTESIAN_POINT('',(0.073678899955412,-0.061,0.004555000014901));
#2184=CARTESIAN_POINT('',(0.071928899955412,-0.061,0.00455500001490098));
#2185=CARTESIAN_POINT('',(0.071928899955412,-0.061,0.006305000014901));
#2186=CARTESIAN_POINT('',(0.0575,-0.061,0.006305000014901));
#2187=CARTESIAN_POINT('',(0.065488899955412,-0.061,0.006305000014901));
#2188=CARTESIAN_POINT('',(0.065488899955412,-0.061,0.004555000014901));
#2189=CARTESIAN_POINT('',(0.063738899955412,-0.061,0.004555000014901));
#2190=CARTESIAN_POINT('',(0.063738899955412,-0.061,0.026205));
#2191=CARTESIAN_POINT('',(0.063738899955412,-0.061,0.004205));
#2192=CARTESIAN_POINT('',(0.0575,-0.061,0.004205));
#2193=CARTESIAN_POINT('',(0.0575,-0.063,0.004205));
#2194=CARTESIAN_POINT('',(0.071928899955412,-0.063,0.00384500001490099));
#2195=CARTESIAN_POINT('',(0.0756238830380427,-0.063,0.003205));
#2196=CARTESIAN_POINT('',(0.075678899955412,-0.063,0.00384500001490099));
#2197=CARTESIAN_POINT('',(0.0575,-0.063,0.003205));
#2198=CARTESIAN_POINT('',(0.098,-0.063,0.003205));
#2199=CARTESIAN_POINT('',(0.098,-0.063,0.004205));
#2200=CARTESIAN_POINT('',(0.098,-0.063,0.028205));
#2201=CARTESIAN_POINT('',(0.0575,-0.063,0.028205));
#2202=CARTESIAN_POINT('',(0.017,-0.063,0.028205));
#2203=CARTESIAN_POINT('',(0.017,-0.063,0.004205));
#2204=CARTESIAN_POINT('',(0.017,-0.063,0.003205));
#2205=CARTESIAN_POINT('',(0.0575,-0.063,0.003205));
#2206=CARTESIAN_POINT('',(0.0617939168727814,-0.063,0.003205));
#2207=CARTESIAN_POINT('',(0.065488899955412,-0.063,0.00384500001490099));
#2208=CARTESIAN_POINT('',(0.061738899955412,-0.063,0.003845000014901));
#2209=CARTESIAN_POINT('',(0.061738899955412,-0.063,0.004200000014901));
#2210=CARTESIAN_POINT('',(0.061738899955412,-0.063,0.004555000014901));
#2211=CARTESIAN_POINT('',(0.065488899955412,-0.063,0.00455500001490101));
#2212=CARTESIAN_POINT('',(0.065488899955412,-0.063,0.008305000014901));
#2213=CARTESIAN_POINT('',(0.068708899955412,-0.063,0.008305000014901));
#2214=CARTESIAN_POINT('',(0.071928899955412,-0.063,0.008305000014901));
#2215=CARTESIAN_POINT('',(0.071928899955412,-0.063,0.004555000014901));
#2216=CARTESIAN_POINT('',(0.075678899955412,-0.063,0.004555000014901));
#2217=CARTESIAN_POINT('',(0.075678899955412,-0.063,0.004200000014901));
#2218=CARTESIAN_POINT('',(0.068708899955412,-0.063,0.011805000014901));
#2219=CARTESIAN_POINT('',(0.068708899955412,-0.063,0.020805000014901));
#2220=CARTESIAN_POINT('',(0.0575,-0.06215,0.004205));
#2221=CARTESIAN_POINT('',(0.0575,-0.06215,0.004205));
#2222=CARTESIAN_POINT('',(0.01785,-0.06215,0.004205));
#2223=CARTESIAN_POINT('',(0.061738899955412,-0.06215,0.004205));
#2224=CARTESIAN_POINT('',(0.061738899955412,-0.06215,0.004205));
#2225=CARTESIAN_POINT('',(0.061738899955412,-0.06215,0.003845000014901));
#2226=CARTESIAN_POINT('',(0.065488899955412,-0.06215,0.00384500001490099));
#2227=CARTESIAN_POINT('',(0.0617939168727814,-0.06215,0.003205));
#2228=CARTESIAN_POINT('',(0.0575,-0.06215,0.003205));
#2229=CARTESIAN_POINT('',(0.01785,-0.06215,0.003205));
#2230=CARTESIAN_POINT('',(0.01785,-0.06215,0.004205));
#2231=CARTESIAN_POINT('',(0.0575,-0.0385,0.004205));
#2232=CARTESIAN_POINT('',(0.061738899955412,-0.0385,0.004205));
#2233=CARTESIAN_POINT('',(0.061738899955412,-0.062,0.004205));
#2234=CARTESIAN_POINT('',(0.01785,-0.0385,0.004205));
#2235=CARTESIAN_POINT('',(0.01785,-0.01485,0.004205));
#2236=CARTESIAN_POINT('',(0.0575,-0.01485,0.004205));
#2237=CARTESIAN_POINT('',(0.09715,-0.01485,0.004205));
#2238=CARTESIAN_POINT('',(0.09715,-0.0385,0.004205));
#2239=CARTESIAN_POINT('',(0.09715,-0.06215,0.004205));
#2240=CARTESIAN_POINT('',(0.0575,-0.06215,0.004205));
#2241=CARTESIAN_POINT('',(0.075678899955412,-0.06215,0.004205));
#2242=CARTESIAN_POINT('',(0.075678899955412,-0.0385,0.004205));
#2243=CARTESIAN_POINT('',(0.075678899955412,-0.062,0.004205));
#2244=CARTESIAN_POINT('',(0.0575,-0.062,0.004205));
#2245=CARTESIAN_POINT('',(0.073678899955412,-0.062,0.004205));
#2246=CARTESIAN_POINT('',(0.073678899955412,-0.0385,0.004205));
#2247=CARTESIAN_POINT('',(0.08915,-0.059075,0.004205));
#2248=CARTESIAN_POINT('',(0.08915,-0.0609808997813474,0.004205));
#2249=CARTESIAN_POINT('',(0.0575,-0.0609808997813474,0.004205));
#2250=CARTESIAN_POINT('',(0.0959808997813474,-0.0609808997813474,0.004205));
#2251=CARTESIAN_POINT('',(0.0959808997813474,-0.0385,0.004205));
#2252=CARTESIAN_POINT('',(0.0959808997813474,-0.05415,0.004205));
#2253=CARTESIAN_POINT('',(0.0575,-0.05415,0.004205));
#2254=CARTESIAN_POINT('',(0.096,-0.05415,0.004205));
#2255=CARTESIAN_POINT('',(0.096,-0.0385,0.004205));
#2256=CARTESIAN_POINT('',(0.096,-0.02285,0.004205));
#2257=CARTESIAN_POINT('',(0.094075,-0.02285,0.004205));
#2258=CARTESIAN_POINT('',(0.0959808997813474,-0.02285,0.004205));
#2259=CARTESIAN_POINT('',(0.0959808997813474,-0.0385,0.004205));
#2260=CARTESIAN_POINT('',(0.0959808997813474,-0.0160191002186526,0.004205));
#2261=CARTESIAN_POINT('',(0.0575,-0.0160191002186526,0.004205));
#2262=CARTESIAN_POINT('',(0.08915,-0.0160191002186526,0.004205));
#2263=CARTESIAN_POINT('',(0.08915,-0.0385,0.004205));
#2264=CARTESIAN_POINT('',(0.08915,-0.016,0.004205));
#2265=CARTESIAN_POINT('',(0.0575,-0.016,0.004205));
#2266=CARTESIAN_POINT('',(0.0257855278910764,-0.016,0.004205));
#2267=CARTESIAN_POINT('',(0.0258175508796518,-0.017899718539159,0.004205));
#2268=CARTESIAN_POINT('',(0.0257858498577631,-0.0160191002186526,0.004205));
#2269=CARTESIAN_POINT('',(0.0575,-0.0160191002186526,0.004205));
#2270=CARTESIAN_POINT('',(0.0190191002186526,-0.0160191002186526,0.004205));
#2271=CARTESIAN_POINT('',(0.0190191002186526,-0.0385,0.004205));
#2272=CARTESIAN_POINT('',(0.0190191002186526,-0.0228071971142431,0.004205));
#2273=CARTESIAN_POINT('',(0.0576712425960978,-0.0232409659345407,0.004205));
#2274=CARTESIAN_POINT('',(0.019,-0.0228069827644346,0.004205));
#2275=CARTESIAN_POINT('',(0.019,-0.0385,0.004205));
#2276=CARTESIAN_POINT('',(0.019,-0.05415,0.004205));
#2277=CARTESIAN_POINT('',(0.020925,-0.05415,0.004205));
#2278=CARTESIAN_POINT('',(0.0190191002186526,-0.05415,0.004205));
#2279=CARTESIAN_POINT('',(0.0190191002186526,-0.0385,0.004205));
#2280=CARTESIAN_POINT('',(0.0190191002186526,-0.0609808997813474,0.004205));
#2281=CARTESIAN_POINT('',(0.0575,-0.0609808997813474,0.004205));
#2282=CARTESIAN_POINT('',(0.02585,-0.0609808997813474,0.004205));
#2283=CARTESIAN_POINT('',(0.02585,-0.0385,0.004205));
#2284=CARTESIAN_POINT('',(0.063738899955412,-0.0385,0.004205));
#2285=CARTESIAN_POINT('',(0.063738899955412,-0.062,0.004205));
#2286=CARTESIAN_POINT('',(0.0575,-0.062,0.004205));
#2287=CARTESIAN_POINT('',(0.063738899955412,-0.038,0.004200000014901));
#2288=CARTESIAN_POINT('',(0.063738899955412,-0.038,0.004555000014901));
#2289=CARTESIAN_POINT('',(0.063738899955412,-0.062,0.004555000014901));
#2290=CARTESIAN_POINT('',(0.063738899955412,-0.062,0.004200000014901));
#2291=CARTESIAN_POINT('',(0.073678899955412,-0.038,0.004200000014901));
#2292=CARTESIAN_POINT('',(0.073678899955412,-0.062,0.004200000014901));
#2293=CARTESIAN_POINT('',(0.073678899955412,-0.062,0.004555000014901));
#2294=CARTESIAN_POINT('',(0.073678899955412,-0.038,0.004555000014901));
#2295=CARTESIAN_POINT('',(0.071928899955412,-0.038,0.00455500001490098));
#2296=CARTESIAN_POINT('',(0.071928899955412,-0.062,0.00455500001490098));
#2297=CARTESIAN_POINT('',(0.071928899955412,-0.062,0.006305000014901));
#2298=CARTESIAN_POINT('',(0.071928899955412,-0.038,0.006305000014901));
#2299=CARTESIAN_POINT('',(0.068708899955412,-0.038,0.006305000014901));
#2300=CARTESIAN_POINT('',(0.068708899955412,-0.062,0.006305000014901));
#2301=CARTESIAN_POINT('',(0.065488899955412,-0.062,0.006305000014901));
#2302=CARTESIAN_POINT('',(0.065488899955412,-0.038,0.006305000014901));
#2303=CARTESIAN_POINT('',(0.065488899955412,-0.038,0.004555000014901));
#2304=CARTESIAN_POINT('',(0.065488899955412,-0.062,0.004555000014901));
#2305=CARTESIAN_POINT('',(0.02285,-0.01985,0.026207));
#2306=CARTESIAN_POINT('',(0.0258495738682271,-0.0197994370783181,0.026207));
#2307=CARTESIAN_POINT('',(0.0258495738682271,-0.0197994370783181,0.013505));
#2308=CARTESIAN_POINT('',(0.0258495738682271,-0.0197994370783181,0.00151));
#2309=CARTESIAN_POINT('',(0.02285,-0.01985,0.013505));
#2310=CARTESIAN_POINT('',(0.02281633499609,-0.0228498111053051,0.013505));
#2311=CARTESIAN_POINT('',(0.02281633499609,-0.0228498111053051,0.026207));
#2312=CARTESIAN_POINT('',(0.02281633499609,-0.0228498111053051,0.00151));
#2313=CARTESIAN_POINT('',(0.02285,-0.01985,0.00151));
#2314=CARTESIAN_POINT('',(0.09215,-0.05715,0.026207));
#2315=CARTESIAN_POINT('',(0.08915,-0.05715,0.026207));
#2316=CARTESIAN_POINT('',(0.08915,-0.05715,0.013505));
#2317=CARTESIAN_POINT('',(0.08915,-0.05715,0.00151));
#2318=CARTESIAN_POINT('',(0.09215,-0.05715,0.013505));
#2319=CARTESIAN_POINT('',(0.09215,-0.05415,0.013505));
#2320=CARTESIAN_POINT('',(0.09215,-0.05415,0.026207));
#2321=CARTESIAN_POINT('',(0.09215,-0.05415,0.00151));
#2322=CARTESIAN_POINT('',(0.09215,-0.05715,0.00151));
#2323=CARTESIAN_POINT('',(0.09215,-0.01985,0.026207));
#2324=CARTESIAN_POINT('',(0.09215,-0.02285,0.026207));
#2325=CARTESIAN_POINT('',(0.09215,-0.02285,0.013505));
#2326=CARTESIAN_POINT('',(0.09215,-0.02285,0.00151));
#2327=CARTESIAN_POINT('',(0.09215,-0.01985,0.013505));
#2328=CARTESIAN_POINT('',(0.08915,-0.01985,0.013505));
#2329=CARTESIAN_POINT('',(0.08915,-0.01985,0.026207));
#2330=CARTESIAN_POINT('',(0.08915,-0.01985,0.00151));
#2331=CARTESIAN_POINT('',(0.09215,-0.01985,0.00151));
#2332=CARTESIAN_POINT('',(0.02285,-0.05715,0.026207));
#2333=CARTESIAN_POINT('',(0.02285,-0.05415,0.026207));
#2334=CARTESIAN_POINT('',(0.02285,-0.05415,0.013505));
#2335=CARTESIAN_POINT('',(0.02285,-0.05415,0.00151));
#2336=CARTESIAN_POINT('',(0.02285,-0.05715,0.013505));
#2337=CARTESIAN_POINT('',(0.02585,-0.05715,0.013505));
#2338=CARTESIAN_POINT('',(0.02585,-0.05715,0.026207));
#2339=CARTESIAN_POINT('',(0.02585,-0.05715,0.00151));
#2340=CARTESIAN_POINT('',(0.02285,-0.05715,0.00151));
#2341=CARTESIAN_POINT('',(0.02285,-0.01985,0.026207));
#2342=CARTESIAN_POINT('',(0.02285,-0.01985,0.014205));
#2343=CARTESIAN_POINT('',(0.02455,-0.01985,0.014205));
#2344=CARTESIAN_POINT('',(0.02285,-0.01985,0.00151));
#2345=CARTESIAN_POINT('',(0.02455,-0.01985,0.00151));
#2346=CARTESIAN_POINT('',(0.09215,-0.05715,0.026207));
#2347=CARTESIAN_POINT('',(0.09215,-0.05715,0.014205));
#2348=CARTESIAN_POINT('',(0.09385,-0.05715,0.014205));
#2349=CARTESIAN_POINT('',(0.09215,-0.05715,0.00151));
#2350=CARTESIAN_POINT('',(0.09385,-0.05715,0.00151));
#2351=CARTESIAN_POINT('',(0.09215,-0.01985,0.026207));
#2352=CARTESIAN_POINT('',(0.09215,-0.01985,0.014205));
#2353=CARTESIAN_POINT('',(0.09385,-0.01985,0.014205));
#2354=CARTESIAN_POINT('',(0.09215,-0.01985,0.00151));
#2355=CARTESIAN_POINT('',(0.09385,-0.01985,0.00151));
#2356=CARTESIAN_POINT('',(0.02285,-0.05715,0.026207));
#2357=CARTESIAN_POINT('',(0.02285,-0.05715,0.014205));
#2358=CARTESIAN_POINT('',(0.02455,-0.05715,0.014205));
#2359=CARTESIAN_POINT('',(0.02285,-0.05715,0.00151));
#2360=CARTESIAN_POINT('',(0.02455,-0.05715,0.00151));
#2361=CARTESIAN_POINT('',(0.096,-0.0385,0.026205));
#2362=CARTESIAN_POINT('',(0.096,-0.0385,0.026205));
#2363=CARTESIAN_POINT('',(0.096,-0.05415,0.026205));
#2364=CARTESIAN_POINT('',(0.096,-0.02285,0.026205));
#2365=CARTESIAN_POINT('',(0.096,-0.02285,0.026207));
#2366=CARTESIAN_POINT('',(0.096,-0.05415,0.026207));
#2367=CARTESIAN_POINT('',(0.019,-0.0385,0.026205));
#2368=CARTESIAN_POINT('',(0.019,-0.0385,0.026205));
#2369=CARTESIAN_POINT('',(0.019,-0.0228069827644346,0.026205));
#2370=CARTESIAN_POINT('',(0.019,-0.05415,0.026205));
#2371=CARTESIAN_POINT('',(0.019,-0.05415,0.026207));
#2372=CARTESIAN_POINT('',(0.019,-0.0228069827644346,0.026207));
#2373=CARTESIAN_POINT('',(0.0575,-0.016,0.026205));
#2374=CARTESIAN_POINT('',(0.08915,-0.016,0.026207));
#2375=CARTESIAN_POINT('',(0.08915,-0.016,0.026205));
#2376=CARTESIAN_POINT('',(0.0575,-0.016,0.026205));
#2377=CARTESIAN_POINT('',(0.0257855278910764,-0.016,0.026205));
#2378=CARTESIAN_POINT('',(0.0257855278910764,-0.016,0.026207));
#2379=CARTESIAN_POINT('',(0.0575,-0.014,0.004205));
#2380=CARTESIAN_POINT('',(0.0575,-0.014,0.003205));
#2381=CARTESIAN_POINT('',(0.017,-0.014,0.003205));
#2382=CARTESIAN_POINT('',(0.098,-0.014,0.003205));
#2383=CARTESIAN_POINT('',(0.017,-0.014,0.004205));
#2384=CARTESIAN_POINT('',(0.017,-0.014,0.028205));
#2385=CARTESIAN_POINT('',(0.0575,-0.014,0.028205));
#2386=CARTESIAN_POINT('',(0.098,-0.014,0.028205));
#2387=CARTESIAN_POINT('',(0.098,-0.014,0.004205));
#2388=CARTESIAN_POINT('',(0.017,-0.0385,0.004205));
#2389=CARTESIAN_POINT('',(0.017,-0.0385,0.003205));
#2390=CARTESIAN_POINT('',(0.017,-0.0385,0.028205));
#2391=CARTESIAN_POINT('',(0.09715,-0.0385,0.004205));
#2392=CARTESIAN_POINT('',(0.09715,-0.0385,0.003205));
#2393=CARTESIAN_POINT('',(0.09715,-0.06215,0.003205));
#2394=CARTESIAN_POINT('',(0.09715,-0.01485,0.003205));
#2395=CARTESIAN_POINT('',(0.09715,-0.06215,0.004205));
#2396=CARTESIAN_POINT('',(0.09715,-0.01485,0.004205));
#2397=CARTESIAN_POINT('',(0.0575,-0.06215,0.004205));
#2398=CARTESIAN_POINT('',(0.071928899955412,-0.06215,0.00384500001490099));
#2399=CARTESIAN_POINT('',(0.075678899955412,-0.06215,0.00384500001490099));
#2400=CARTESIAN_POINT('',(0.0756238830380427,-0.06215,0.003205));
#2401=CARTESIAN_POINT('',(0.075678899955412,-0.06215,0.004205));
#2402=CARTESIAN_POINT('',(0.0575,-0.06215,0.003205));
#2403=CARTESIAN_POINT('',(0.01785,-0.0385,0.004205));
#2404=CARTESIAN_POINT('',(0.01785,-0.0385,0.003205));
#2405=CARTESIAN_POINT('',(0.01785,-0.01485,0.003205));
#2406=CARTESIAN_POINT('',(0.01785,-0.01485,0.004205));
#2407=CARTESIAN_POINT('',(0.0575,-0.01485,0.004205));
#2408=CARTESIAN_POINT('',(0.0575,-0.01485,0.003205));
#2409=CARTESIAN_POINT('',(0.098,-0.0385,0.004205));
#2410=CARTESIAN_POINT('',(0.098,-0.0385,0.003205));
#2411=CARTESIAN_POINT('',(0.098,-0.0385,0.028205));
#2412=CARTESIAN_POINT('',(0.0575,-0.0385,0.003205));
#2413=CARTESIAN_POINT('',(0.0617939168727814,-0.062,0.003205));
#2414=CARTESIAN_POINT('',(0.0756238830380427,-0.062,0.003205));
#2415=CARTESIAN_POINT('',(0.0258175508796518,-0.017899718539159,0.026207));
#2416=CARTESIAN_POINT('',(0.0258175508796518,-0.017899718539159,0.026205));
#2417=CARTESIAN_POINT('',(0.0258049815627834,-0.0171540615801525,0.026205));
#2418=CARTESIAN_POINT('',(0.0258049815627834,-0.0171540615801525,0.013205));
#2419=CARTESIAN_POINT('',(0.0258049815627834,-0.0171540615801525,0.014505));
#2420=CARTESIAN_POINT('',(0.0258049815627834,-0.0171540615801525,0.014505));
#2421=CARTESIAN_POINT('',(0.0258117172217018,-0.017553645025985,0.0142406628460905));
#2422=CARTESIAN_POINT('',(0.0258255427096113,-0.0183738225566544,0.0137544619788062));
#2423=CARTESIAN_POINT('',(0.0258414187865197,-0.0193156483815996,0.013505));
#2424=CARTESIAN_POINT('',(0.0258495738682271,-0.0197994370783181,0.013505));
#2425=CARTESIAN_POINT('',(0.0258175508796518,-0.017899718539159,0.00151));
#2426=CARTESIAN_POINT('',(0.0258023845926958,-0.017,0.00151));
#2427=CARTESIAN_POINT('',(0.0257854151225833,-0.0159933101685217,0.00427585758038119));
#2428=CARTESIAN_POINT('',(0.0575,-0.0385,0.00151));
#2429=CARTESIAN_POINT('',(0.0209081674980451,-0.0228283969348698,0.00151));
#2430=CARTESIAN_POINT('',(0.02,-0.0228182051390203,0.00151));
#2431=CARTESIAN_POINT('',(0.02,-0.0385,0.00151));
#2432=CARTESIAN_POINT('',(0.02,-0.017,0.00151));
#2433=CARTESIAN_POINT('',(0.0575,-0.017,0.00151));
#2434=CARTESIAN_POINT('',(0.0209081674980451,-0.0228283969348698,0.026207));
#2435=CARTESIAN_POINT('',(0.0201707502744877,-0.0228201213625612,0.013205));
#2436=CARTESIAN_POINT('',(0.0201707502744877,-0.0228201213625612,0.026205));
#2437=CARTESIAN_POINT('',(0.0201707502744877,-0.0228201213625612,0.014505));
#2438=CARTESIAN_POINT('',(0.0209081674980451,-0.0228283969348698,0.026205));
#2439=CARTESIAN_POINT('',(0.0121689013683421,-0.0227303216167586,0.0230257666600021));
#2440=CARTESIAN_POINT('',(0.02281633499609,-0.0228498111053051,0.013505));
#2441=CARTESIAN_POINT('',(0.0223326188420529,-0.0228443826614314,0.013505));
#2442=CARTESIAN_POINT('',(0.0213937678251394,-0.0228338465236394,0.0137531309296847));
#2443=CARTESIAN_POINT('',(0.0205705694989746,-0.0228246082836649,0.0142405277881903));
#2444=CARTESIAN_POINT('',(0.0201707502744877,-0.0228201213625612,0.014505));
#2445=CARTESIAN_POINT('',(0.08915,-0.059075,0.026207));
#2446=CARTESIAN_POINT('',(0.08915,-0.059075,0.026205));
#2447=CARTESIAN_POINT('',(0.08915,-0.0597957513110646,0.026205));
#2448=CARTESIAN_POINT('',(0.08915,-0.0597957513110646,0.013205));
#2449=CARTESIAN_POINT('',(0.08915,-0.0597957513110646,0.014505));
#2450=CARTESIAN_POINT('',(0.08915,-0.0597957513110646,0.014505));
#2451=CARTESIAN_POINT('',(0.08915,-0.059396111098768,0.0142406628460905));
#2452=CARTESIAN_POINT('',(0.08915,-0.0585758170503129,0.0137544619788062));
#2453=CARTESIAN_POINT('',(0.08915,-0.0576338574257261,0.013505));
#2454=CARTESIAN_POINT('',(0.08915,-0.05715,0.013505));
#2455=CARTESIAN_POINT('',(0.08915,-0.059075,0.00151));
#2456=CARTESIAN_POINT('',(0.08915,-0.06,0.00151));
#2457=CARTESIAN_POINT('',(0.08915,-0.061,0.00425747741945462));
#2458=CARTESIAN_POINT('',(0.094075,-0.05415,0.026207));
#2459=CARTESIAN_POINT('',(0.0947957513110646,-0.05415,0.013205));
#2460=CARTESIAN_POINT('',(0.0947957513110646,-0.05415,0.026205));
#2461=CARTESIAN_POINT('',(0.0947957513110646,-0.05415,0.014505));
#2462=CARTESIAN_POINT('',(0.094075,-0.05415,0.026205));
#2463=CARTESIAN_POINT('',(0.102829258353157,-0.05415,0.0230207105363746));
#2464=CARTESIAN_POINT('',(0.095,-0.05415,0.00151));
#2465=CARTESIAN_POINT('',(0.094075,-0.05415,0.00151));
#2466=CARTESIAN_POINT('',(0.09215,-0.05415,0.013505));
#2467=CARTESIAN_POINT('',(0.0926337466130935,-0.05415,0.013505));
#2468=CARTESIAN_POINT('',(0.0935726567483881,-0.05415,0.0137531309296847));
#2469=CARTESIAN_POINT('',(0.0943959069104157,-0.05415,0.0142405277881903));
#2470=CARTESIAN_POINT('',(0.0947957513110646,-0.05415,0.014505));
#2471=CARTESIAN_POINT('',(0.0575,-0.0385,0.00151));
#2472=CARTESIAN_POINT('',(0.095,-0.0385,0.00151));
#2473=CARTESIAN_POINT('',(0.095,-0.06,0.00151));
#2474=CARTESIAN_POINT('',(0.0575,-0.06,0.00151));
#2475=CARTESIAN_POINT('',(0.094075,-0.02285,0.026207));
#2476=CARTESIAN_POINT('',(0.094075,-0.02285,0.026205));
#2477=CARTESIAN_POINT('',(0.0947957513110646,-0.02285,0.026205));
#2478=CARTESIAN_POINT('',(0.0947957513110646,-0.02285,0.013205));
#2479=CARTESIAN_POINT('',(0.0947957513110646,-0.02285,0.014505));
#2480=CARTESIAN_POINT('',(0.0947957513110646,-0.02285,0.014505));
#2481=CARTESIAN_POINT('',(0.094396111098768,-0.02285,0.0142406628460905));
#2482=CARTESIAN_POINT('',(0.0935758170503129,-0.02285,0.0137544619788062));
#2483=CARTESIAN_POINT('',(0.0926338574257261,-0.02285,0.013505));
#2484=CARTESIAN_POINT('',(0.09215,-0.02285,0.013505));
#2485=CARTESIAN_POINT('',(0.094075,-0.02285,0.00151));
#2486=CARTESIAN_POINT('',(0.095,-0.02285,0.00151));
#2487=CARTESIAN_POINT('',(0.096,-0.02285,0.00425747741945462));
#2488=CARTESIAN_POINT('',(0.0575,-0.0385,0.00151));
#2489=CARTESIAN_POINT('',(0.08915,-0.017925,0.00151));
#2490=CARTESIAN_POINT('',(0.08915,-0.017,0.00151));
#2491=CARTESIAN_POINT('',(0.0575,-0.017,0.00151));
#2492=CARTESIAN_POINT('',(0.095,-0.017,0.00151));
#2493=CARTESIAN_POINT('',(0.095,-0.0385,0.00151));
#2494=CARTESIAN_POINT('',(0.08915,-0.017925,0.026207));
#2495=CARTESIAN_POINT('',(0.08915,-0.0172042486889354,0.013205));
#2496=CARTESIAN_POINT('',(0.08915,-0.0172042486889354,0.026205));
#2497=CARTESIAN_POINT('',(0.08915,-0.0172042486889354,0.014505));
#2498=CARTESIAN_POINT('',(0.08915,-0.017925,0.026205));
#2499=CARTESIAN_POINT('',(0.08915,-0.00917074164684323,0.0230207105363746));
#2500=CARTESIAN_POINT('',(0.08915,-0.01985,0.013505));
#2501=CARTESIAN_POINT('',(0.08915,-0.0193662533869065,0.013505));
#2502=CARTESIAN_POINT('',(0.08915,-0.0184273432516119,0.0137531309296847));
#2503=CARTESIAN_POINT('',(0.08915,-0.0176040930895843,0.0142405277881903));
#2504=CARTESIAN_POINT('',(0.08915,-0.0172042486889354,0.014505));
#2505=CARTESIAN_POINT('',(0.020925,-0.05415,0.026207));
#2506=CARTESIAN_POINT('',(0.020925,-0.05415,0.026205));
#2507=CARTESIAN_POINT('',(0.0202042486889354,-0.05415,0.026205));
#2508=CARTESIAN_POINT('',(0.0202042486889354,-0.05415,0.013205));
#2509=CARTESIAN_POINT('',(0.0202042486889354,-0.05415,0.014505));
#2510=CARTESIAN_POINT('',(0.0202042486889354,-0.05415,0.014505));
#2511=CARTESIAN_POINT('',(0.020603888901232,-0.05415,0.0142406628460905));
#2512=CARTESIAN_POINT('',(0.0214241829496871,-0.05415,0.0137544619788062));
#2513=CARTESIAN_POINT('',(0.0223661425742739,-0.05415,0.013505));
#2514=CARTESIAN_POINT('',(0.02285,-0.05415,0.013505));
#2515=CARTESIAN_POINT('',(0.020925,-0.05415,0.00151));
#2516=CARTESIAN_POINT('',(0.02,-0.05415,0.00151));
#2517=CARTESIAN_POINT('',(0.019,-0.05415,0.00425747741945462));
#2518=CARTESIAN_POINT('',(0.0575,-0.0385,0.00151));
#2519=CARTESIAN_POINT('',(0.02585,-0.059075,0.00151));
#2520=CARTESIAN_POINT('',(0.02585,-0.06,0.00151));
#2521=CARTESIAN_POINT('',(0.0575,-0.06,0.00151));
#2522=CARTESIAN_POINT('',(0.02,-0.06,0.00151));
#2523=CARTESIAN_POINT('',(0.02,-0.0385,0.00151));
#2524=CARTESIAN_POINT('',(0.02585,-0.059075,0.026207));
#2525=CARTESIAN_POINT('',(0.02585,-0.0597957513110646,0.013205));
#2526=CARTESIAN_POINT('',(0.02585,-0.0597957513110646,0.026205));
#2527=CARTESIAN_POINT('',(0.02585,-0.0597957513110646,0.014505));
#2528=CARTESIAN_POINT('',(0.02585,-0.059075,0.026205));
#2529=CARTESIAN_POINT('',(0.02585,-0.0678292583531568,0.0230207105363746));
#2530=CARTESIAN_POINT('',(0.02585,-0.05715,0.013505));
#2531=CARTESIAN_POINT('',(0.02585,-0.0576337466130935,0.013505));
#2532=CARTESIAN_POINT('',(0.02585,-0.0585726567483881,0.0137531309296847));
#2533=CARTESIAN_POINT('',(0.02585,-0.0593959069104157,0.0142405277881903));
#2534=CARTESIAN_POINT('',(0.02585,-0.0597957513110646,0.014505));
#2535=CARTESIAN_POINT('',(0.092575,-0.061,0.00425747741945462));
#2536=CARTESIAN_POINT('',(0.0956413098819941,-0.0606413098819941,0.003271984419652));
#2537=CARTESIAN_POINT('',(0.096,-0.057575,0.00425747741945462));
#2538=CARTESIAN_POINT('',(0.019,-0.057575,0.00425747741945462));
#2539=CARTESIAN_POINT('',(0.0193586901180058,-0.0606413098819941,0.00327198441965201));
#2540=CARTESIAN_POINT('',(0.022425,-0.061,0.00425747741945462));
#2541=CARTESIAN_POINT('',(0.0223927639455382,-0.016,0.00425747741945462));
#2542=CARTESIAN_POINT('',(0.0193553141313842,-0.0163553141313842,0.00328125986666321));
#2543=CARTESIAN_POINT('',(0.019,-0.0194034913822173,0.00425747741945462));
#2544=CARTESIAN_POINT('',(0.096,-0.019425,0.00425747741945462));
#2545=CARTESIAN_POINT('',(0.0956413098819941,-0.0163586901180059,0.00327198441965201));
#2546=CARTESIAN_POINT('',(0.092575,-0.016,0.00425747741945462));
#2547=CARTESIAN_POINT('',(0.0575,-0.0385,0.026205));
#2548=CARTESIAN_POINT('',(0.09215,-0.05715,0.026205));
#2549=CARTESIAN_POINT('',(0.02285,-0.05715,0.026205));
#2550=CARTESIAN_POINT('',(0.02285,-0.01985,0.026205));
#2551=CARTESIAN_POINT('',(0.09215,-0.01985,0.026205));
#2552=CARTESIAN_POINT('',(0.0575,-0.0385,0.028205));
#2553=CARTESIAN_POINT('',(0.02285,-0.05715,0.028205));
#2554=CARTESIAN_POINT('',(0.02585,-0.05715,0.028205));
#2555=CARTESIAN_POINT('',(0.02285,-0.01985,0.028205));
#2556=CARTESIAN_POINT('',(0.02585,-0.01985,0.028205));
#2557=CARTESIAN_POINT('',(0.09215,-0.01985,0.028205));
#2558=CARTESIAN_POINT('',(0.09515,-0.01985,0.028205));
#2559=CARTESIAN_POINT('',(0.09215,-0.05715,0.028205));
#2560=CARTESIAN_POINT('',(0.09515,-0.05715,0.028205));
#2561=CARTESIAN_POINT('',(0.02285,-0.01985,0.015505));
#2562=CARTESIAN_POINT('',(0.02285,-0.01985,0.015505));
#2563=CARTESIAN_POINT('',(0.02585,-0.01985,0.015505));
#2564=CARTESIAN_POINT('',(0.09215,-0.05715,0.015505));
#2565=CARTESIAN_POINT('',(0.09215,-0.05715,0.015505));
#2566=CARTESIAN_POINT('',(0.09515,-0.05715,0.015505));
#2567=CARTESIAN_POINT('',(0.09215,-0.01985,0.015505));
#2568=CARTESIAN_POINT('',(0.09215,-0.01985,0.015505));
#2569=CARTESIAN_POINT('',(0.09515,-0.01985,0.015505));
#2570=CARTESIAN_POINT('',(0.02285,-0.05715,0.015505));
#2571=CARTESIAN_POINT('',(0.02285,-0.05715,0.015505));
#2572=CARTESIAN_POINT('',(0.02585,-0.05715,0.015505));
#2573=CARTESIAN_POINT('',(0.02285,-0.05715,0.013205));
#2574=CARTESIAN_POINT('',(0.02285,-0.05715,0.014505));
#2575=CARTESIAN_POINT('',(0.02285,-0.01985,0.013205));
#2576=CARTESIAN_POINT('',(0.02285,-0.01985,0.014505));
#2577=CARTESIAN_POINT('',(0.09215,-0.01985,0.013205));
#2578=CARTESIAN_POINT('',(0.09215,-0.01985,0.014505));
#2579=CARTESIAN_POINT('',(0.09215,-0.05715,0.013205));
#2580=CARTESIAN_POINT('',(0.09215,-0.05715,0.014505));
#2581=CARTESIAN_POINT('',(0.09215,-0.01985,0.014505));
#2582=CARTESIAN_POINT('',(0.09215,-0.05715,0.014505));
#2583=CARTESIAN_POINT('',(0.02285,-0.05715,0.014505));
#2584=CARTESIAN_POINT('',(0.02285,-0.01985,0.014505));
#2585=CARTESIAN_POINT('',(0.09215,-0.01985,0.014205));
#2586=CARTESIAN_POINT('',(0.09215,-0.05715,0.014205));
#2587=CARTESIAN_POINT('',(0.02285,-0.05715,0.014205));
#2588=CARTESIAN_POINT('',(0.02285,-0.01985,0.014205));
#2589=CARTESIAN_POINT('',(0.075678899955412,-0.062,0.004200000014901));
#2590=CARTESIAN_POINT('',(0.075678899955412,-0.062,0.00384500001490099));
#2591=CARTESIAN_POINT('',(0.075678899955412,-0.062,0.004555000014901));
#2592=CARTESIAN_POINT('',(0.075678899955412,-0.062,0.004555000014901));
#2593=CARTESIAN_POINT('',(0.075678899955412,-0.062,0.004200000014901));
#2594=CARTESIAN_POINT('',(0.0575,-0.062,0.0141500000074505));
#2595=CARTESIAN_POINT('',(0.071928899955412,-0.062,0.004555000014901));
#2596=CARTESIAN_POINT('',(0.071928899955412,-0.062,0.008305000014901));
#2597=CARTESIAN_POINT('',(0.068708899955412,-0.062,0.008305000014901));
#2598=CARTESIAN_POINT('',(0.065488899955412,-0.062,0.008305000014901));
#2599=CARTESIAN_POINT('',(0.065488899955412,-0.062,0.00455500001490101));
#2600=CARTESIAN_POINT('',(0.061738899955412,-0.062,0.004555000014901));
#2601=CARTESIAN_POINT('',(0.061738899955412,-0.062,0.004200000014901));
#2602=CARTESIAN_POINT('',(0.061738899955412,-0.062,0.004200000014901));
#2603=CARTESIAN_POINT('',(0.061738899955412,-0.062,0.004555000014901));
#2604=CARTESIAN_POINT('',(0.061738899955412,-0.062,0.003845000014901));
#2605=CARTESIAN_POINT('',(0.065488899955412,-0.062,0.00384500001490099));
#2606=CARTESIAN_POINT('',(0.071928899955412,-0.062,0.00384500001490099));
#2607=CARTESIAN_POINT('',(0.071928899955412,-0.062,0.004555000014901));
#2608=CARTESIAN_POINT('',(0.071928899955412,-0.062,0.008305000014901));
#2609=CARTESIAN_POINT('',(0.068708899955412,-0.062,0.008305000014901));
#2610=CARTESIAN_POINT('',(0.065488899955412,-0.062,0.008305000014901));
#2611=CARTESIAN_POINT('',(0.065488899955412,-0.062,0.00455500001490101));
#2612=CARTESIAN_POINT('',(0.068708899955412,-0.038,0.011805000014901));
#2613=CARTESIAN_POINT('',(0.059958899955412,-0.0368,0.011805000014901));
#2614=CARTESIAN_POINT('',(0.059958899955412,-0.0618,0.011805000014901));
#2615=CARTESIAN_POINT('',(0.060708899955412,-0.0618,0.011805000014901));
#2616=CARTESIAN_POINT('',(0.076708899955412,-0.0618,0.011805000014901));
#2617=CARTESIAN_POINT('',(0.077458899955412,-0.0618,0.011805000014901));
#2618=CARTESIAN_POINT('',(0.077458899955412,-0.0368,0.011805000014901));
#2619=CARTESIAN_POINT('',(0.068708899955412,-0.038,0.020805000014901));
#2620=CARTESIAN_POINT('',(0.077458899955412,-0.0368,0.020805000014901));
#2621=CARTESIAN_POINT('',(0.077458899955412,-0.0618,0.020805000014901));
#2622=CARTESIAN_POINT('',(0.076708899955412,-0.0618,0.020805000014901));
#2623=CARTESIAN_POINT('',(0.060708899955412,-0.0618,0.020805000014901));
#2624=CARTESIAN_POINT('',(0.059958899955412,-0.0618,0.020805000014901));
#2625=CARTESIAN_POINT('',(0.059958899955412,-0.0368,0.020805000014901));
#2626=CARTESIAN_POINT('',(0.077458899955412,-0.0368,0.016305000014901));
#2627=CARTESIAN_POINT('',(0.077458899955412,-0.0618,0.016305000014901));
#2628=CARTESIAN_POINT('',(0.0575,-0.0618,0.015705));
#2629=CARTESIAN_POINT('',(0.059958899955412,-0.0368,0.016305000014901));
#2630=CARTESIAN_POINT('',(0.059958899955412,-0.0618,0.016305000014901));
#2631=CARTESIAN_POINT('',(0.0575,-0.0618,0.015705));
#2632=MECHANICAL_DESIGN_GEOMETRIC_PRESENTATION_REPRESENTATION('',(#1585),
#2633);
#2633=(
GEOMETRIC_REPRESENTATION_CONTEXT(3)
GLOBAL_UNCERTAINTY_ASSIGNED_CONTEXT((#2634))
GLOBAL_UNIT_ASSIGNED_CONTEXT((#2637,#2636,#2635))
REPRESENTATION_CONTEXT('case-bottom','TOP_LEVEL_ASSEMBLY_PART')
);
#2634=UNCERTAINTY_MEASURE_WITH_UNIT(LENGTH_MEASURE(2.E-5),#2637,
'DISTANCE_ACCURACY_VALUE','Maximum Tolerance applied to model');
#2635=(
NAMED_UNIT(*)
SI_UNIT($,.STERADIAN.)
SOLID_ANGLE_UNIT()
);
#2636=(
NAMED_UNIT(*)
PLANE_ANGLE_UNIT()
SI_UNIT($,.RADIAN.)
);
#2637=(
LENGTH_UNIT()
NAMED_UNIT(*)
SI_UNIT($,.METRE.)
);
#2638=PRODUCT_DEFINITION_SHAPE('','',#2639);
#2639=PRODUCT_DEFINITION('','',#2641,#2640);
#2640=PRODUCT_DEFINITION_CONTEXT('',#2647,'design');
#2641=PRODUCT_DEFINITION_FORMATION_WITH_SPECIFIED_SOURCE('','',#2643,
 .NOT_KNOWN.);
#2642=PRODUCT_RELATED_PRODUCT_CATEGORY('','',(#2643));
#2643=PRODUCT('case-bottom','case-bottom','case-bottom',(#2645));
#2644=PRODUCT_CATEGORY('','');
#2645=PRODUCT_CONTEXT('',#2647,'mechanical');
#2646=APPLICATION_PROTOCOL_DEFINITION('international standard',
'ap242_managed_model_based_3d_engineering',2020,#2647);
#2647=APPLICATION_CONTEXT('managed model based 3d engineering');
ENDSEC;
END-ISO-10303-21;
